masa,harga,strategi,tindakan,btc,tunai,ekuiti,vs_buyhold,trade,tolak
2026-09-16T14:35:29.369915+00:00,309997.0,buyhold,TINDAKAN,0.00112509,0.0,347.55,0.0,1,0
2026-09-16T14:35:29.369915+00:00,309997.0,rebalance,TINDAKAN,0.00056255,175.0,348.78,1.22,1,0
2026-09-16T14:35:29.369915+00:00,309997.0,grid,-,0.0,350.0,350.0,2.45,0,0
2026-09-16T14:35:29.369915+00:00,309997.0,grid_stop,-,0.0,350.0,350.0,2.45,0,0
2026-09-16T14:35:29.369915+00:00,309997.0,donchian,-,0.0,350.0,350.0,2.45,0,0
2026-09-16T14:35:29.369915+00:00,309997.0,macross,-,0.0,350.0,350.0,2.45,0,0
2026-09-16T14:35:29.369915+00:00,309997.0,macd,-,0.0,350.0,350.0,2.45,0,0
2026-09-16T14:35:29.369915+00:00,309997.0,rsi,-,0.0,350.0,350.0,2.45,0,0
2026-09-16T14:35:29.369915+00:00,309997.0,bollinger,-,0.0,350.0,350.0,2.45,0,0
2026-09-16T14:35:29.369915+00:00,309997.0,dip,-,0.0,350.0,350.0,2.45,0,0
2026-09-16T18:24:24.568805+00:00,310981.0,buyhold,-,0.00112509,0.0,348.66,0.0,1,0
2026-09-16T18:24:24.568805+00:00,310981.0,rebalance,-,0.00056255,175.0,349.33,0.67,1,0
2026-09-16T18:24:24.568805+00:00,310981.0,grid,-,0.0,350.0,350.0,1.34,0,0
2026-09-16T18:24:24.568805+00:00,310981.0,grid_stop,-,0.0,350.0,350.0,1.34,0,0
2026-09-16T18:24:24.568805+00:00,310981.0,donchian,-,0.0,350.0,350.0,1.34,0,0
2026-09-16T18:24:24.568805+00:00,310981.0,macross,-,0.0,350.0,350.0,1.34,0,0
2026-09-16T18:24:24.568805+00:00,310981.0,macd,-,0.0,350.0,350.0,1.34,0,0
2026-09-16T18:24:24.568805+00:00,310981.0,rsi,-,0.0,350.0,350.0,1.34,0,0
2026-09-16T18:24:24.568805+00:00,310981.0,bollinger,-,0.0,350.0,350.0,1.34,0,0
2026-09-16T18:24:24.568805+00:00,310981.0,dip,-,0.0,350.0,350.0,1.34,0,0
2026-09-16T21:31:47.823942+00:00,311866.0,buyhold,-,0.00112509,0.0,349.65,0.0,1,0
2026-09-16T21:31:47.823942+00:00,311866.0,rebalance,-,0.00056255,175.0,349.82,0.18,1,0
2026-09-16T21:31:47.823942+00:00,311866.0,grid,-,0.0,350.0,350.0,0.35,0,0
2026-09-16T21:31:47.823942+00:00,311866.0,grid_stop,-,0.0,350.0,350.0,0.35,0,0
2026-09-16T21:31:47.823942+00:00,311866.0,donchian,-,0.0,350.0,350.0,0.35,0,0
2026-09-16T21:31:47.823942+00:00,311866.0,macross,-,0.0,350.0,350.0,0.35,0,0
2026-09-16T21:31:47.823942+00:00,311866.0,macd,-,0.0,350.0,350.0,0.35,0,0
2026-09-16T21:31:47.823942+00:00,311866.0,rsi,-,0.0,350.0,350.0,0.35,0,0
2026-09-16T21:31:47.823942+00:00,311866.0,bollinger,-,0.0,350.0,350.0,0.35,0,0
2026-09-16T21:31:47.823942+00:00,311866.0,dip,-,0.0,350.0,350.0,0.35,0,0
2026-09-16T23:48:42.830980+00:00,311992.0,buyhold,-,0.00112509,0.0,349.79,0.0,1,0
2026-09-16T23:48:42.830980+00:00,311992.0,rebalance,-,0.00056255,175.0,349.9,0.1,1,0
2026-09-16T23:48:42.830980+00:00,311992.0,grid,-,0.0,350.0,350.0,0.21,0,0
2026-09-16T23:48:42.830980+00:00,311992.0,grid_stop,-,0.0,350.0,350.0,0.21,0,0
2026-09-16T23:48:42.830980+00:00,311992.0,donchian,-,0.0,350.0,350.0,0.21,0,0
2026-09-16T23:48:42.830980+00:00,311992.0,macross,-,0.0,350.0,350.0,0.21,0,0
2026-09-16T23:48:42.830980+00:00,311992.0,macd,-,0.0,350.0,350.0,0.21,0,0
2026-09-16T23:48:42.830980+00:00,311992.0,rsi,-,0.0,350.0,350.0,0.21,0,0
2026-09-16T23:48:42.830980+00:00,311992.0,bollinger,-,0.0,350.0,350.0,0.21,0,0
2026-09-16T23:48:42.830980+00:00,311992.0,dip,-,0.0,350.0,350.0,0.21,0,0
2026-09-17T01:48:56.474336+00:00,313566.0,buyhold,-,0.00112509,0.0,351.56,0.0,1,0
2026-09-17T01:48:56.474336+00:00,313566.0,rebalance,-,0.00056255,175.0,350.78,-0.78,1,0
2026-09-17T01:48:56.474336+00:00,313566.0,grid,-,0.0,350.0,350.0,-1.56,0,0
2026-09-17T01:48:56.474336+00:00,313566.0,grid_stop,-,0.0,350.0,350.0,-1.56,0,0
2026-09-17T01:48:56.474336+00:00,313566.0,donchian,-,0.0,350.0,350.0,-1.56,0,0
2026-09-17T01:48:56.474336+00:00,313566.0,macross,-,0.0,350.0,350.0,-1.56,0,0
2026-09-17T01:48:56.474336+00:00,313566.0,macd,-,0.0,350.0,350.0,-1.56,0,0
2026-09-17T01:48:56.474336+00:00,313566.0,rsi,-,0.0,350.0,350.0,-1.56,0,0
2026-09-17T01:48:56.474336+00:00,313566.0,bollinger,-,0.0,350.0,350.0,-1.56,0,0
2026-09-17T01:48:56.474336+00:00,313566.0,dip,-,0.0,350.0,350.0,-1.56,0,0
2026-09-17T06:46:31.522474+00:00,313999.0,buyhold,-,0.00112509,0.0,352.04,0.0,1,0
2026-09-17T06:46:31.522474+00:00,313999.0,rebalance,-,0.00056255,175.0,351.02,-1.02,1,0
2026-09-17T06:46:31.522474+00:00,313999.0,grid,-,0.0,350.0,350.0,-2.04,0,0
2026-09-17T06:46:31.522474+00:00,313999.0,grid_stop,-,0.0,350.0,350.0,-2.04,0,0
2026-09-17T06:46:31.522474+00:00,313999.0,donchian,-,0.0,350.0,350.0,-2.04,0,0
2026-09-17T06:46:31.522474+00:00,313999.0,macross,-,0.0,350.0,350.0,-2.04,0,0
2026-09-17T06:46:31.522474+00:00,313999.0,macd,-,0.0,350.0,350.0,-2.04,0,0
2026-09-17T06:46:31.522474+00:00,313999.0,rsi,-,0.0,350.0,350.0,-2.04,0,0
2026-09-17T06:46:31.522474+00:00,313999.0,bollinger,-,0.0,350.0,350.0,-2.04,0,0
2026-09-17T06:46:31.522474+00:00,313999.0,dip,-,0.0,350.0,350.0,-2.04,0,0
2026-09-17T12:12:16.156496+00:00,313887.0,buyhold,-,0.00112509,0.0,351.92,0.0,1,0
2026-09-17T12:12:16.156496+00:00,313887.0,rebalance,-,0.00056255,175.0,350.96,-0.96,1,0
2026-09-17T12:12:16.156496+00:00,313887.0,grid,TINDAKAN,0.00022219,280.0,349.5,-2.42,1,0
2026-09-17T12:12:16.156496+00:00,313887.0,grid_stop,TINDAKAN,0.00022219,280.0,349.5,-2.42,1,0
2026-09-17T12:12:16.156496+00:00,313887.0,donchian,-,0.0,350.0,350.0,-1.92,0,0
2026-09-17T12:12:16.156496+00:00,313887.0,macross,-,0.0,350.0,350.0,-1.92,0,0
2026-09-17T12:12:16.156496+00:00,313887.0,macd,-,0.0,350.0,350.0,-1.92,0,0
2026-09-17T12:12:16.156496+00:00,313887.0,rsi,-,0.0,350.0,350.0,-1.92,0,0
2026-09-17T12:12:16.156496+00:00,313887.0,bollinger,-,0.0,350.0,350.0,-1.92,0,0
2026-09-17T12:12:16.156496+00:00,313887.0,dip,-,0.0,350.0,350.0,-1.92,0,0
2026-09-17T17:06:07.890136+00:00,314409.0,buyhold,-,0.00112509,0.0,352.5,0.0,1,0
2026-09-17T17:06:07.890136+00:00,314409.0,rebalance,-,0.00056255,175.0,351.25,-1.25,1,0
2026-09-17T17:06:07.890136+00:00,314409.0,grid,-,0.00022219,280.0,349.61,-2.89,1,0
2026-09-17T17:06:07.890136+00:00,314409.0,grid_stop,-,0.00022219,280.0,349.61,-2.89,1,0
2026-09-17T17:06:07.890136+00:00,314409.0,donchian,-,0.0,350.0,350.0,-2.5,0,0
2026-09-17T17:06:07.890136+00:00,314409.0,macross,-,0.0,350.0,350.0,-2.5,0,0
2026-09-17T17:06:07.890136+00:00,314409.0,macd,-,0.0,350.0,350.0,-2.5,0,0
2026-09-17T17:06:07.890136+00:00,314409.0,rsi,-,0.0,350.0,350.0,-2.5,0,0
2026-09-17T17:06:07.890136+00:00,314409.0,bollinger,-,0.0,350.0,350.0,-2.5,0,0
2026-09-17T17:06:07.890136+00:00,314409.0,dip,-,0.0,350.0,350.0,-2.5,0,0
2026-09-17T20:17:33.177764+00:00,313571.0,buyhold,-,0.00112509,0.0,351.56,0.0,1,0
2026-09-17T20:17:33.177764+00:00,313571.0,rebalance,-,0.00056255,175.0,350.78,-0.78,1,0
2026-09-17T20:17:33.177764+00:00,313571.0,grid,-,0.00022219,280.0,349.43,-2.13,1,0
2026-09-17T20:17:33.177764+00:00,313571.0,grid_stop,-,0.00022219,280.0,349.43,-2.13,1,0
2026-09-17T20:17:33.177764+00:00,313571.0,donchian,-,0.0,350.0,350.0,-1.56,0,0
2026-09-17T20:17:33.177764+00:00,313571.0,macross,-,0.0,350.0,350.0,-1.56,0,0
2026-09-17T20:17:33.177764+00:00,313571.0,macd,-,0.0,350.0,350.0,-1.56,0,0
2026-09-17T20:17:33.177764+00:00,313571.0,rsi,-,0.0,350.0,350.0,-1.56,0,0
2026-09-17T20:17:33.177764+00:00,313571.0,bollinger,-,0.0,350.0,350.0,-1.56,0,0
2026-09-17T20:17:33.177764+00:00,313571.0,dip,-,0.0,350.0,350.0,-1.56,0,0
2026-09-17T22:53:53.069608+00:00,312889.0,buyhold,-,0.00112509,0.0,350.8,0.0,1,0
2026-09-17T22:53:53.069608+00:00,312889.0,rebalance,-,0.00056255,175.0,350.4,-0.4,1,0
2026-09-17T22:53:53.069608+00:00,312889.0,grid,-,0.00022219,280.0,349.28,-1.52,1,0
2026-09-17T22:53:53.069608+00:00,312889.0,grid_stop,-,0.00022219,280.0,349.28,-1.52,1,0
2026-09-17T22:53:53.069608+00:00,312889.0,donchian,-,0.0,350.0,350.0,-0.8,0,0
2026-09-17T22:53:53.069608+00:00,312889.0,macross,-,0.0,350.0,350.0,-0.8,0,0
2026-09-17T22:53:53.069608+00:00,312889.0,macd,-,0.0,350.0,350.0,-0.8,0,0
2026-09-17T22:53:53.069608+00:00,312889.0,rsi,-,0.0,350.0,350.0,-0.8,0,0
2026-09-17T22:53:53.069608+00:00,312889.0,bollinger,-,0.0,350.0,350.0,-0.8,0,0
2026-09-17T22:53:53.069608+00:00,312889.0,dip,-,0.0,350.0,350.0,-0.8,0,0
2026-09-18T01:01:14.020344+00:00,312833.0,buyhold,-,0.00112509,0.0,350.73,0.0,1,0
2026-09-18T01:01:14.020344+00:00,312833.0,rebalance,-,0.00056255,175.0,350.37,-0.37,1,0
2026-09-18T01:01:14.020344+00:00,312833.0,grid,-,0.00022219,280.0,349.26,-1.47,1,0
2026-09-18T01:01:14.020344+00:00,312833.0,grid_stop,-,0.00022219,280.0,349.26,-1.47,1,0
2026-09-18T01:01:14.020344+00:00,312833.0,donchian,-,0.0,350.0,350.0,-0.73,0,0
2026-09-18T01:01:14.020344+00:00,312833.0,macross,-,0.0,350.0,350.0,-0.73,0,0
2026-09-18T01:01:14.020344+00:00,312833.0,macd,-,0.0,350.0,350.0,-0.73,0,0
2026-09-18T01:01:14.020344+00:00,312833.0,rsi,-,0.0,350.0,350.0,-0.73,0,0
2026-09-18T01:01:14.020344+00:00,312833.0,bollinger,-,0.0,350.0,350.0,-0.73,0,0
2026-09-18T01:01:14.020344+00:00,312833.0,dip,-,0.0,350.0,350.0,-0.73,0,0
2026-09-18T05:51:39.206060+00:00,315187.0,buyhold,-,0.00112509,0.0,353.37,0.0,1,0
2026-09-18T05:51:39.206060+00:00,315187.0,rebalance,-,0.00056255,175.0,351.69,-1.69,1,0
2026-09-18T05:51:39.206060+00:00,315187.0,grid,-,0.00022219,280.0,349.79,-3.59,1,0
2026-09-18T05:51:39.206060+00:00,315187.0,grid_stop,-,0.00022219,280.0,349.79,-3.59,1,0
2026-09-18T05:51:39.206060+00:00,315187.0,donchian,-,0.0,350.0,350.0,-3.37,0,0
2026-09-18T05:51:39.206060+00:00,315187.0,macross,-,0.0,350.0,350.0,-3.37,0,0
2026-09-18T05:51:39.206060+00:00,315187.0,macd,-,0.0,350.0,350.0,-3.37,0,0
2026-09-18T05:51:39.206060+00:00,315187.0,rsi,-,0.0,350.0,350.0,-3.37,0,0
2026-09-18T05:51:39.206060+00:00,315187.0,bollinger,-,0.0,350.0,350.0,-3.37,0,0
2026-09-18T05:51:39.206060+00:00,315187.0,dip,-,0.0,350.0,350.0,-3.37,0,0
2026-09-18T10:34:41.078404+00:00,317912.0,buyhold,-,0.00112509,0.0,356.43,0.0,1,0
2026-09-18T10:34:41.078404+00:00,317912.0,rebalance,-,0.00056255,175.0,353.21,-3.21,1,0
2026-09-18T10:34:41.078404+00:00,317912.0,grid,TINDAKAN,0.0,350.06,350.06,-6.36,2,0
2026-09-18T10:34:41.078404+00:00,317912.0,grid_stop,TINDAKAN,0.0,350.06,350.06,-6.36,2,0
2026-09-18T10:34:41.078404+00:00,317912.0,donchian,TINDAKAN,0.00109708,0.0,347.55,-8.87,1,0
2026-09-18T10:34:41.078404+00:00,317912.0,macross,TINDAKAN,0.00109708,0.0,347.55,-8.87,1,0
2026-09-18T10:34:41.078404+00:00,317912.0,macd,-,0.0,350.0,350.0,-6.43,0,0
2026-09-18T10:34:41.078404+00:00,317912.0,rsi,-,0.0,350.0,350.0,-6.43,0,0
2026-09-18T10:34:41.078404+00:00,317912.0,bollinger,-,0.0,350.0,350.0,-6.43,0,0
2026-09-18T10:34:41.078404+00:00,317912.0,dip,-,0.0,350.0,350.0,-6.43,0,0
2026-09-18T14:37:49.606779+00:00,325998.0,buyhold,-,0.00112509,0.0,365.49,0.0,1,0
2026-09-18T14:37:49.606779+00:00,325998.0,rebalance,-,0.00056255,175.0,357.75,-7.75,1,0
2026-09-18T14:37:49.606779+00:00,325998.0,grid,-,0.0,350.06,350.06,-15.43,2,0
2026-09-18T14:37:49.606779+00:00,325998.0,grid_stop,-,0.0,350.06,350.06,-15.43,2,0
2026-09-18T14:37:49.606779+00:00,325998.0,donchian,-,0.00109708,0.0,356.39,-9.1,1,0
2026-09-18T14:37:49.606779+00:00,325998.0,macross,-,0.00109708,0.0,356.39,-9.1,1,0
2026-09-18T14:37:49.606779+00:00,325998.0,macd,-,0.0,350.0,350.0,-15.49,0,0
2026-09-18T14:37:49.606779+00:00,325998.0,rsi,-,0.0,350.0,350.0,-15.49,0,0
2026-09-18T14:37:49.606779+00:00,325998.0,bollinger,-,0.0,350.0,350.0,-15.49,0,0
2026-09-18T14:37:49.606779+00:00,325998.0,dip,-,0.0,350.0,350.0,-15.49,0,0
2026-09-18T17:52:51.670296+00:00,324881.0,buyhold,-,0.00112509,0.0,364.24,0.0,1,0
2026-09-18T17:52:51.670296+00:00,324881.0,rebalance,-,0.00056255,175.0,357.12,-7.12,1,0
2026-09-18T17:52:51.670296+00:00,324881.0,grid,-,0.0,350.06,350.06,-14.18,2,0
2026-09-18T17:52:51.670296+00:00,324881.0,grid_stop,-,0.0,350.06,350.06,-14.18,2,0
2026-09-18T17:52:51.670296+00:00,324881.0,donchian,-,0.00109708,0.0,355.17,-9.07,1,0
2026-09-18T17:52:51.670296+00:00,324881.0,macross,-,0.00109708,0.0,355.17,-9.07,1,0
2026-09-18T17:52:51.670296+00:00,324881.0,macd,-,0.0,350.0,350.0,-14.24,0,0
2026-09-18T17:52:51.670296+00:00,324881.0,rsi,-,0.0,350.0,350.0,-14.24,0,0
2026-09-18T17:52:51.670296+00:00,324881.0,bollinger,-,0.0,350.0,350.0,-14.24,0,0
2026-09-18T17:52:51.670296+00:00,324881.0,dip,-,0.0,350.0,350.0,-14.24,0,0
2026-09-18T20:24:36.749347+00:00,326153.0,buyhold,-,0.00112509,0.0,365.67,0.0,1,0
2026-09-18T20:24:36.749347+00:00,326153.0,rebalance,-,0.00056255,175.0,357.83,-7.83,1,0
2026-09-18T20:24:36.749347+00:00,326153.0,grid,-,0.0,350.06,350.06,-15.6,2,0
2026-09-18T20:24:36.749347+00:00,326153.0,grid_stop,-,0.0,350.06,350.06,-15.6,2,0
2026-09-18T20:24:36.749347+00:00,326153.0,donchian,-,0.00109708,0.0,356.56,-9.1,1,0
2026-09-18T20:24:36.749347+00:00,326153.0,macross,-,0.00109708,0.0,356.56,-9.1,1,0
2026-09-18T20:24:36.749347+00:00,326153.0,macd,-,0.0,350.0,350.0,-15.67,0,0
2026-09-18T20:24:36.749347+00:00,326153.0,rsi,-,0.0,350.0,350.0,-15.67,0,0
2026-09-18T20:24:36.749347+00:00,326153.0,bollinger,-,0.0,350.0,350.0,-15.67,0,0
2026-09-18T20:24:36.749347+00:00,326153.0,dip,-,0.0,350.0,350.0,-15.67,0,0
2026-09-18T22:43:51.939813+00:00,326554.0,buyhold,-,0.00112509,0.0,366.12,0.0,1,0
2026-09-18T22:43:51.939813+00:00,326554.0,rebalance,-,0.00056255,175.0,358.06,-8.06,1,0
2026-09-18T22:43:51.939813+00:00,326554.0,grid,-,0.0,350.06,350.06,-16.05,2,0
2026-09-18T22:43:51.939813+00:00,326554.0,grid_stop,-,0.0,350.06,350.06,-16.05,2,0
2026-09-18T22:43:51.939813+00:00,326554.0,donchian,-,0.00109708,0.0,357.0,-9.12,1,0
2026-09-18T22:43:51.939813+00:00,326554.0,macross,-,0.00109708,0.0,357.0,-9.12,1,0
2026-09-18T22:43:51.939813+00:00,326554.0,macd,-,0.0,350.0,350.0,-16.12,0,0
2026-09-18T22:43:51.939813+00:00,326554.0,rsi,-,0.0,350.0,350.0,-16.12,0,0
2026-09-18T22:43:51.939813+00:00,326554.0,bollinger,-,0.0,350.0,350.0,-16.12,0,0
2026-09-18T22:43:51.939813+00:00,326554.0,dip,-,0.0,350.0,350.0,-16.12,0,0
2026-09-19T00:41:07.798463+00:00,325996.0,buyhold,-,0.00112509,0.0,365.49,0.0,1,0
2026-09-19T00:41:07.798463+00:00,325996.0,rebalance,-,0.00056255,175.0,357.75,-7.75,1,0
2026-09-19T00:41:07.798463+00:00,325996.0,grid,-,0.0,350.06,350.06,-15.43,2,0
2026-09-19T00:41:07.798463+00:00,325996.0,grid_stop,-,0.0,350.06,350.06,-15.43,2,0
2026-09-19T00:41:07.798463+00:00,325996.0,donchian,-,0.00109708,0.0,356.39,-9.1,1,0
2026-09-19T00:41:07.798463+00:00,325996.0,macross,-,0.00109708,0.0,356.39,-9.1,1,0
2026-09-19T00:41:07.798463+00:00,325996.0,macd,-,0.0,350.0,350.0,-15.49,0,0
2026-09-19T00:41:07.798463+00:00,325996.0,rsi,-,0.0,350.0,350.0,-15.49,0,0
2026-09-19T00:41:07.798463+00:00,325996.0,bollinger,-,0.0,350.0,350.0,-15.49,0,0
2026-09-19T00:41:07.798463+00:00,325996.0,dip,-,0.0,350.0,350.0,-15.49,0,0
2026-09-19T05:09:56.168204+00:00,326179.0,buyhold,-,0.00112509,0.0,365.7,0.0,1,0
2026-09-19T05:09:56.168204+00:00,326179.0,rebalance,-,0.00056255,175.0,357.85,-7.85,1,0
2026-09-19T05:09:56.168204+00:00,326179.0,grid,-,0.0,350.06,350.06,-15.63,2,0
2026-09-19T05:09:56.168204+00:00,326179.0,grid_stop,-,0.0,350.06,350.06,-15.63,2,0
2026-09-19T05:09:56.168204+00:00,326179.0,donchian,-,0.00109708,0.0,356.59,-9.1,1,0
2026-09-19T05:09:56.168204+00:00,326179.0,macross,-,0.00109708,0.0,356.59,-9.1,1,0
2026-09-19T05:09:56.168204+00:00,326179.0,macd,-,0.0,350.0,350.0,-15.7,0,0
2026-09-19T05:09:56.168204+00:00,326179.0,rsi,-,0.0,350.0,350.0,-15.7,0,0
2026-09-19T05:09:56.168204+00:00,326179.0,bollinger,-,0.0,350.0,350.0,-15.7,0,0
2026-09-19T05:09:56.168204+00:00,326179.0,dip,-,0.0,350.0,350.0,-15.7,0,0
2026-09-19T09:30:00.109633+00:00,328198.0,buyhold,-,0.00112509,0.0,367.96,0.0,1,0
2026-09-19T09:30:00.109633+00:00,328198.0,rebalance,-,0.00056255,175.0,358.98,-8.98,1,0
2026-09-19T09:30:00.109633+00:00,328198.0,grid,-,0.0,350.06,350.06,-17.9,2,0
2026-09-19T09:30:00.109633+00:00,328198.0,grid_stop,-,0.0,350.06,350.06,-17.9,2,0
2026-09-19T09:30:00.109633+00:00,328198.0,donchian,-,0.00109708,0.0,358.8,-9.16,1,0
2026-09-19T09:30:00.109633+00:00,328198.0,macross,-,0.00109708,0.0,358.8,-9.16,1,0
2026-09-19T09:30:00.109633+00:00,328198.0,macd,-,0.0,350.0,350.0,-17.96,0,0
2026-09-19T09:30:00.109633+00:00,328198.0,rsi,-,0.0,350.0,350.0,-17.96,0,0
2026-09-19T09:30:00.109633+00:00,328198.0,bollinger,-,0.0,350.0,350.0,-17.96,0,0
2026-09-19T09:30:00.109633+00:00,328198.0,dip,-,0.0,350.0,350.0,-17.96,0,0
2026-09-19T13:20:53.132230+00:00,327459.0,buyhold,-,0.00112509,0.0,367.13,0.0,1,0
2026-09-19T13:20:53.132230+00:00,327459.0,rebalance,-,0.00056255,175.0,358.57,-8.57,1,0
2026-09-19T13:20:53.132230+00:00,327459.0,grid,-,0.0,350.06,350.06,-17.07,2,0
2026-09-19T13:20:53.132230+00:00,327459.0,grid_stop,-,0.0,350.06,350.06,-17.07,2,0
2026-09-19T13:20:53.132230+00:00,327459.0,donchian,-,0.00109708,0.0,357.99,-9.14,1,0
2026-09-19T13:20:53.132230+00:00,327459.0,macross,-,0.00109708,0.0,357.99,-9.14,1,0
2026-09-19T13:20:53.132230+00:00,327459.0,macd,-,0.0,350.0,350.0,-17.13,0,0
2026-09-19T13:20:53.132230+00:00,327459.0,rsi,-,0.0,350.0,350.0,-17.13,0,0
2026-09-19T13:20:53.132230+00:00,327459.0,bollinger,-,0.0,350.0,350.0,-17.13,0,0
2026-09-19T13:20:53.132230+00:00,327459.0,dip,-,0.0,350.0,350.0,-17.13,0,0
2026-09-19T16:39:09.478193+00:00,329999.0,buyhold,-,0.00112509,0.0,369.98,0.0,1,0
2026-09-19T16:39:09.478193+00:00,329999.0,rebalance,-,0.00056255,175.0,359.99,-9.99,1,0
2026-09-19T16:39:09.478193+00:00,329999.0,grid,-,0.0,350.06,350.06,-19.91,2,0
2026-09-19T16:39:09.478193+00:00,329999.0,grid_stop,-,0.0,350.06,350.06,-19.91,2,0
2026-09-19T16:39:09.478193+00:00,329999.0,donchian,-,0.00109708,0.0,360.77,-9.21,1,0
2026-09-19T16:39:09.478193+00:00,329999.0,macross,-,0.00109708,0.0,360.77,-9.21,1,0
2026-09-19T16:39:09.478193+00:00,329999.0,macd,-,0.0,350.0,350.0,-19.98,0,0
2026-09-19T16:39:09.478193+00:00,329999.0,rsi,-,0.0,350.0,350.0,-19.98,0,0
2026-09-19T16:39:09.478193+00:00,329999.0,bollinger,-,0.0,350.0,350.0,-19.98,0,0
2026-09-19T16:39:09.478193+00:00,329999.0,dip,-,0.0,350.0,350.0,-19.98,0,0
2026-09-19T18:54:57.630386+00:00,328715.0,buyhold,-,0.00112509,0.0,368.54,0.0,1,0
2026-09-19T18:54:57.630386+00:00,328715.0,rebalance,-,0.00056255,175.0,359.27,-9.27,1,0
2026-09-19T18:54:57.630386+00:00,328715.0,grid,-,0.0,350.06,350.06,-18.48,2,0
2026-09-19T18:54:57.630386+00:00,328715.0,grid_stop,-,0.0,350.06,350.06,-18.48,2,0
2026-09-19T18:54:57.630386+00:00,328715.0,donchian,-,0.00109708,0.0,359.36,-9.18,1,0
2026-09-19T18:54:57.630386+00:00,328715.0,macross,-,0.00109708,0.0,359.36,-9.18,1,0
2026-09-19T18:54:57.630386+00:00,328715.0,macd,-,0.0,350.0,350.0,-18.54,0,0
2026-09-19T18:54:57.630386+00:00,328715.0,rsi,-,0.0,350.0,350.0,-18.54,0,0
2026-09-19T18:54:57.630386+00:00,328715.0,bollinger,-,0.0,350.0,350.0,-18.54,0,0
2026-09-19T18:54:57.630386+00:00,328715.0,dip,-,0.0,350.0,350.0,-18.54,0,0
2026-09-19T21:17:44.648993+00:00,327928.0,buyhold,-,0.00112509,0.0,367.66,0.0,1,0
2026-09-19T21:17:44.648993+00:00,327928.0,rebalance,-,0.00056255,175.0,358.83,-8.83,1,0
2026-09-19T21:17:44.648993+00:00,327928.0,grid,-,0.0,350.06,350.06,-17.59,2,0
2026-09-19T21:17:44.648993+00:00,327928.0,grid_stop,-,0.0,350.06,350.06,-17.59,2,0
2026-09-19T21:17:44.648993+00:00,327928.0,donchian,-,0.00109708,0.0,358.5,-9.15,1,0
2026-09-19T21:17:44.648993+00:00,327928.0,macross,-,0.00109708,0.0,358.5,-9.15,1,0
2026-09-19T21:17:44.648993+00:00,327928.0,macd,-,0.0,350.0,350.0,-17.66,0,0
2026-09-19T21:17:44.648993+00:00,327928.0,rsi,-,0.0,350.0,350.0,-17.66,0,0
2026-09-19T21:17:44.648993+00:00,327928.0,bollinger,-,0.0,350.0,350.0,-17.66,0,0
2026-09-19T21:17:44.648993+00:00,327928.0,dip,-,0.0,350.0,350.0,-17.66,0,0
2026-09-19T23:14:03.655774+00:00,327500.0,buyhold,-,0.00112509,0.0,367.18,0.0,1,0
2026-09-19T23:14:03.655774+00:00,327500.0,rebalance,-,0.00056255,175.0,358.59,-8.59,1,0
2026-09-19T23:14:03.655774+00:00,327500.0,grid,-,0.0,350.06,350.06,-17.11,2,0
2026-09-19T23:14:03.655774+00:00,327500.0,grid_stop,-,0.0,350.06,350.06,-17.11,2,0
2026-09-19T23:14:03.655774+00:00,327500.0,donchian,-,0.00109708,0.0,358.04,-9.14,1,0
2026-09-19T23:14:03.655774+00:00,327500.0,macross,-,0.00109708,0.0,358.04,-9.14,1,0
2026-09-19T23:14:03.655774+00:00,327500.0,macd,-,0.0,350.0,350.0,-17.18,0,0
2026-09-19T23:14:03.655774+00:00,327500.0,rsi,-,0.0,350.0,350.0,-17.18,0,0
2026-09-19T23:14:03.655774+00:00,327500.0,bollinger,-,0.0,350.0,350.0,-17.18,0,0
2026-09-19T23:14:03.655774+00:00,327500.0,dip,-,0.0,350.0,350.0,-17.18,0,0
2026-09-20T01:15:19.344713+00:00,327518.0,buyhold,-,0.00112509,0.0,367.2,0.0,1,0
2026-09-20T01:15:19.344713+00:00,327518.0,rebalance,-,0.00056255,175.0,358.6,-8.6,1,0
2026-09-20T01:15:19.344713+00:00,327518.0,grid,-,0.0,350.06,350.06,-17.13,2,0
2026-09-20T01:15:19.344713+00:00,327518.0,grid_stop,-,0.0,350.06,350.06,-17.13,2,0
2026-09-20T01:15:19.344713+00:00,327518.0,donchian,-,0.00109708,0.0,358.06,-9.14,1,0
2026-09-20T01:15:19.344713+00:00,327518.0,macross,-,0.00109708,0.0,358.06,-9.14,1,0
2026-09-20T01:15:19.344713+00:00,327518.0,macd,-,0.0,350.0,350.0,-17.2,0,0
2026-09-20T01:15:19.344713+00:00,327518.0,rsi,-,0.0,350.0,350.0,-17.2,0,0
2026-09-20T01:15:19.344713+00:00,327518.0,bollinger,-,0.0,350.0,350.0,-17.2,0,0
2026-09-20T01:15:19.344713+00:00,327518.0,dip,-,0.0,350.0,350.0,-17.2,0,0
2026-09-20T06:23:00.910594+00:00,325098.0,buyhold,-,0.00112509,0.0,364.48,0.0,1,0
2026-09-20T06:23:00.910594+00:00,325098.0,rebalance,-,0.00056255,175.0,357.24,-7.24,1,0
2026-09-20T06:23:00.910594+00:00,325098.0,grid,-,0.0,350.06,350.06,-14.42,2,0
2026-09-20T06:23:00.910594+00:00,325098.0,grid_stop,-,0.0,350.06,350.06,-14.42,2,0
2026-09-20T06:23:00.910594+00:00,325098.0,donchian,TINDAKAN,0.0,355.41,355.41,-9.07,2,0
2026-09-20T06:23:00.910594+00:00,325098.0,macross,-,0.00109708,0.0,355.41,-9.07,1,0
2026-09-20T06:23:00.910594+00:00,325098.0,macd,-,0.0,350.0,350.0,-14.48,0,0
2026-09-20T06:23:00.910594+00:00,325098.0,rsi,-,0.0,350.0,350.0,-14.48,0,0
2026-09-20T06:23:00.910594+00:00,325098.0,bollinger,-,0.0,350.0,350.0,-14.48,0,0
2026-09-20T06:23:00.910594+00:00,325098.0,dip,-,0.0,350.0,350.0,-14.48,0,0
2026-09-20T11:41:26.697330+00:00,325645.0,buyhold,-,0.00112509,0.0,365.1,0.0,1,0
2026-09-20T11:41:26.697330+00:00,325645.0,rebalance,-,0.00056255,175.0,357.55,-7.55,1,0
2026-09-20T11:41:26.697330+00:00,325645.0,grid,-,0.0,350.06,350.06,-15.03,2,0
2026-09-20T11:41:26.697330+00:00,325645.0,grid_stop,-,0.0,350.06,350.06,-15.03,2,0
2026-09-20T11:41:26.697330+00:00,325645.0,donchian,-,0.0,355.41,355.41,-9.69,2,0
2026-09-20T11:41:26.697330+00:00,325645.0,macross,-,0.00109708,0.0,356.01,-9.09,1,0
2026-09-20T11:41:26.697330+00:00,325645.0,macd,-,0.0,350.0,350.0,-15.1,0,0
2026-09-20T11:41:26.697330+00:00,325645.0,rsi,-,0.0,350.0,350.0,-15.1,0,0
2026-09-20T11:41:26.697330+00:00,325645.0,bollinger,-,0.0,350.0,350.0,-15.1,0,0
2026-09-20T11:41:26.697330+00:00,325645.0,dip,-,0.0,350.0,350.0,-15.1,0,0
2026-09-20T14:54:17.895350+00:00,326868.0,buyhold,-,0.00112509,0.0,366.47,0.0,1,0
2026-09-20T14:54:17.895350+00:00,326868.0,rebalance,-,0.00056255,175.0,358.23,-8.23,1,0
2026-09-20T14:54:17.895350+00:00,326868.0,grid,-,0.0,350.06,350.06,-16.4,2,0
2026-09-20T14:54:17.895350+00:00,326868.0,grid_stop,-,0.0,350.06,350.06,-16.4,2,0
2026-09-20T14:54:17.895350+00:00,326868.0,donchian,-,0.0,355.41,355.41,-11.06,2,0
2026-09-20T14:54:17.895350+00:00,326868.0,macross,-,0.00109708,0.0,357.35,-9.12,1,0
2026-09-20T14:54:17.895350+00:00,326868.0,macd,-,0.0,350.0,350.0,-16.47,0,0
2026-09-20T14:54:17.895350+00:00,326868.0,rsi,-,0.0,350.0,350.0,-16.47,0,0
2026-09-20T14:54:17.895350+00:00,326868.0,bollinger,-,0.0,350.0,350.0,-16.47,0,0
2026-09-20T14:54:17.895350+00:00,326868.0,dip,-,0.0,350.0,350.0,-16.47,0,0
2026-09-20T17:57:00.653355+00:00,328578.0,buyhold,-,0.00112509,0.0,368.39,0.0,1,0
2026-09-20T17:57:00.653355+00:00,328578.0,rebalance,-,0.00056255,175.0,359.19,-9.19,1,0
2026-09-20T17:57:00.653355+00:00,328578.0,grid,-,0.0,350.06,350.06,-18.32,2,0
2026-09-20T17:57:00.653355+00:00,328578.0,grid_stop,-,0.0,350.06,350.06,-18.32,2,0
2026-09-20T17:57:00.653355+00:00,328578.0,donchian,-,0.0,355.41,355.41,-12.98,2,0
2026-09-20T17:57:00.653355+00:00,328578.0,macross,-,0.00109708,0.0,359.21,-9.17,1,0
2026-09-20T17:57:00.653355+00:00,328578.0,macd,-,0.0,350.0,350.0,-18.39,0,0
2026-09-20T17:57:00.653355+00:00,328578.0,rsi,-,0.0,350.0,350.0,-18.39,0,0
2026-09-20T17:57:00.653355+00:00,328578.0,bollinger,-,0.0,350.0,350.0,-18.39,0,0
2026-09-20T17:57:00.653355+00:00,328578.0,dip,-,0.0,350.0,350.0,-18.39,0,0
2026-09-20T20:30:54.337855+00:00,328615.0,buyhold,-,0.00112509,0.0,368.43,0.0,1,0
2026-09-20T20:30:54.337855+00:00,328615.0,rebalance,-,0.00056255,175.0,359.21,-9.21,1,0
2026-09-20T20:30:54.337855+00:00,328615.0,grid,-,0.0,350.06,350.06,-18.36,2,0
2026-09-20T20:30:54.337855+00:00,328615.0,grid_stop,-,0.0,350.06,350.06,-18.36,2,0
2026-09-20T20:30:54.337855+00:00,328615.0,donchian,-,0.0,355.41,355.41,-13.02,2,0
2026-09-20T20:30:54.337855+00:00,328615.0,macross,-,0.00109708,0.0,359.26,-9.17,1,0
2026-09-20T20:30:54.337855+00:00,328615.0,macd,-,0.0,350.0,350.0,-18.43,0,0
2026-09-20T20:30:54.337855+00:00,328615.0,rsi,-,0.0,350.0,350.0,-18.43,0,0
2026-09-20T20:30:54.337855+00:00,328615.0,bollinger,-,0.0,350.0,350.0,-18.43,0,0
2026-09-20T20:30:54.337855+00:00,328615.0,dip,-,0.0,350.0,350.0,-18.43,0,0
2026-09-20T22:41:02.573933+00:00,327657.0,buyhold,-,0.00112509,0.0,367.35,0.0,1,0
2026-09-20T22:41:02.573933+00:00,327657.0,rebalance,-,0.00056255,175.0,358.68,-8.68,1,0
2026-09-20T22:41:02.573933+00:00,327657.0,grid,-,0.0,350.06,350.06,-17.29,2,0
2026-09-20T22:41:02.573933+00:00,327657.0,grid_stop,-,0.0,350.06,350.06,-17.29,2,0
2026-09-20T22:41:02.573933+00:00,327657.0,donchian,-,0.0,355.41,355.41,-11.94,2,0
2026-09-20T22:41:02.573933+00:00,327657.0,macross,-,0.00109708,0.0,358.21,-9.15,1,0
2026-09-20T22:41:02.573933+00:00,327657.0,macd,-,0.0,350.0,350.0,-17.35,0,0
2026-09-20T22:41:02.573933+00:00,327657.0,rsi,-,0.0,350.0,350.0,-17.35,0,0
2026-09-20T22:41:02.573933+00:00,327657.0,bollinger,-,0.0,350.0,350.0,-17.35,0,0
2026-09-20T22:41:02.573933+00:00,327657.0,dip,-,0.0,350.0,350.0,-17.35,0,0
2026-09-21T00:32:50.252308+00:00,329775.0,buyhold,-,0.00112509,0.0,369.73,0.0,1,0
2026-09-21T00:32:50.252308+00:00,329775.0,rebalance,-,0.00056255,175.0,359.86,-9.86,1,0
2026-09-21T00:32:50.252308+00:00,329775.0,grid,-,0.0,350.06,350.06,-19.66,2,0
2026-09-21T00:32:50.252308+00:00,329775.0,grid_stop,-,0.0,350.06,350.06,-19.66,2,0
2026-09-21T00:32:50.252308+00:00,329775.0,donchian,-,0.0,355.41,355.41,-14.32,2,0
2026-09-21T00:32:50.252308+00:00,329775.0,macross,-,0.00109708,0.0,360.52,-9.21,1,0
2026-09-21T00:32:50.252308+00:00,329775.0,macd,-,0.0,350.0,350.0,-19.73,0,0
2026-09-21T00:32:50.252308+00:00,329775.0,rsi,-,0.0,350.0,350.0,-19.73,0,0
2026-09-21T00:32:50.252308+00:00,329775.0,bollinger,-,0.0,350.0,350.0,-19.73,0,0
2026-09-21T00:32:50.252308+00:00,329775.0,dip,-,0.0,350.0,350.0,-19.73,0,0
2026-09-21T05:25:23.241408+00:00,329428.0,buyhold,-,0.00112509,0.0,369.34,0.0,1,0
2026-09-21T05:25:23.241408+00:00,329428.0,rebalance,-,0.00056255,175.0,359.67,-9.67,1,0
2026-09-21T05:25:23.241408+00:00,329428.0,grid,-,0.0,350.06,350.06,-19.27,2,0
2026-09-21T05:25:23.241408+00:00,329428.0,grid_stop,-,0.0,350.06,350.06,-19.27,2,0
2026-09-21T05:25:23.241408+00:00,329428.0,donchian,-,0.0,355.41,355.41,-13.93,2,0
2026-09-21T05:25:23.241408+00:00,329428.0,macross,-,0.00109708,0.0,360.14,-9.2,1,0
2026-09-21T05:25:23.241408+00:00,329428.0,macd,-,0.0,350.0,350.0,-19.34,0,0
2026-09-21T05:25:23.241408+00:00,329428.0,rsi,-,0.0,350.0,350.0,-19.34,0,0
2026-09-21T05:25:23.241408+00:00,329428.0,bollinger,-,0.0,350.0,350.0,-19.34,0,0
2026-09-21T05:25:23.241408+00:00,329428.0,dip,-,0.0,350.0,350.0,-19.34,0,0
2026-09-21T10:57:59.658420+00:00,340941.0,buyhold,-,0.00112509,0.0,382.25,0.0,1,0
2026-09-21T10:57:59.658420+00:00,340941.0,rebalance,-,0.00056255,175.0,366.12,-16.12,1,0
2026-09-21T10:57:59.658420+00:00,340941.0,grid,-,0.0,350.06,350.06,-32.18,2,0
2026-09-21T10:57:59.658420+00:00,340941.0,grid_stop,-,0.0,350.06,350.06,-32.18,2,0
2026-09-21T10:57:59.658420+00:00,340941.0,donchian,TINDAKAN,0.00103879,0.0,352.93,-29.32,3,0
2026-09-21T10:57:59.658420+00:00,340941.0,macross,-,0.00109708,0.0,372.73,-9.52,1,0
2026-09-21T10:57:59.658420+00:00,340941.0,macd,TINDAKAN,0.00102298,0.0,347.55,-34.69,1,0
2026-09-21T10:57:59.658420+00:00,340941.0,rsi,-,0.0,350.0,350.0,-32.25,0,0
2026-09-21T10:57:59.658420+00:00,340941.0,bollinger,-,0.0,350.0,350.0,-32.25,0,0
2026-09-21T10:57:59.658420+00:00,340941.0,dip,-,0.0,350.0,350.0,-32.25,0,0
2026-09-21T16:55:20.869539+00:00,348465.0,buyhold,-,0.00112509,0.0,390.68,0.0,1,0
2026-09-21T16:55:20.869539+00:00,348465.0,rebalance,-,0.00056255,175.0,370.34,-20.34,1,0
2026-09-21T16:55:20.869539+00:00,348465.0,grid,-,0.0,350.06,350.06,-40.62,2,0
2026-09-21T16:55:20.869539+00:00,348465.0,grid_stop,-,0.0,350.06,350.06,-40.62,2,0
2026-09-21T16:55:20.869539+00:00,348465.0,donchian,-,0.00103879,0.0,360.72,-29.97,3,0
2026-09-21T16:55:20.869539+00:00,348465.0,macross,-,0.00109708,0.0,380.96,-9.73,1,0
2026-09-21T16:55:20.869539+00:00,348465.0,macd,-,0.00102298,0.0,355.22,-35.46,1,0
2026-09-21T16:55:20.869539+00:00,348465.0,rsi,-,0.0,350.0,350.0,-40.68,0,0
2026-09-21T16:55:20.869539+00:00,348465.0,bollinger,-,0.0,350.0,350.0,-40.68,0,0
2026-09-21T16:55:20.869539+00:00,348465.0,dip,-,0.0,350.0,350.0,-40.68,0,0
2026-09-21T20:46:58.550816+00:00,351511.0,buyhold,-,0.00112509,0.0,394.1,0.0,1,0
2026-09-21T20:46:58.550816+00:00,351511.0,rebalance,-,0.00056255,175.0,372.05,-22.05,1,0
2026-09-21T20:46:58.550816+00:00,351511.0,grid,-,0.0,350.06,350.06,-44.03,2,0
2026-09-21T20:46:58.550816+00:00,351511.0,grid_stop,-,0.0,350.06,350.06,-44.03,2,0
2026-09-21T20:46:58.550816+00:00,351511.0,donchian,-,0.00103879,0.0,363.87,-30.23,3,0
2026-09-21T20:46:58.550816+00:00,351511.0,macross,-,0.00109708,0.0,384.29,-9.81,1,0
2026-09-21T20:46:58.550816+00:00,351511.0,macd,-,0.00102298,0.0,358.33,-35.77,1,0
2026-09-21T20:46:58.550816+00:00,351511.0,rsi,-,0.0,350.0,350.0,-44.1,0,0
2026-09-21T20:46:58.550816+00:00,351511.0,bollinger,-,0.0,350.0,350.0,-44.1,0,0
2026-09-21T20:46:58.550816+00:00,351511.0,dip,-,0.0,350.0,350.0,-44.1,0,0
2026-09-21T23:41:19.694373+00:00,348601.0,buyhold,-,0.00112509,0.0,390.84,0.0,1,0
2026-09-21T23:41:19.694373+00:00,348601.0,rebalance,-,0.00056255,175.0,370.42,-20.42,1,0
2026-09-21T23:41:19.694373+00:00,348601.0,grid,-,0.0,350.06,350.06,-40.77,2,0
2026-09-21T23:41:19.694373+00:00,348601.0,grid_stop,-,0.0,350.06,350.06,-40.77,2,0
2026-09-21T23:41:19.694373+00:00,348601.0,donchian,-,0.00103879,0.0,360.86,-29.98,3,0
2026-09-21T23:41:19.694373+00:00,348601.0,macross,-,0.00109708,0.0,381.1,-9.73,1,0
2026-09-21T23:41:19.694373+00:00,348601.0,macd,-,0.00102298,0.0,355.36,-35.47,1,0
2026-09-21T23:41:19.694373+00:00,348601.0,rsi,-,0.0,350.0,350.0,-40.84,0,0
2026-09-21T23:41:19.694373+00:00,348601.0,bollinger,-,0.0,350.0,350.0,-40.84,0,0
2026-09-21T23:41:19.694373+00:00,348601.0,dip,-,0.0,350.0,350.0,-40.84,0,0
2026-09-22T01:55:40.376361+00:00,346394.0,buyhold,-,0.00112509,0.0,388.36,0.0,1,0
2026-09-22T01:55:40.376361+00:00,346394.0,rebalance,-,0.00056255,175.0,369.18,-19.18,1,0
2026-09-22T01:55:40.376361+00:00,346394.0,grid,-,0.0,350.06,350.06,-38.3,2,0
2026-09-22T01:55:40.376361+00:00,346394.0,grid_stop,-,0.0,350.06,350.06,-38.3,2,0
2026-09-22T01:55:40.376361+00:00,346394.0,donchian,-,0.00103879,0.0,358.57,-29.79,3,0
2026-09-22T01:55:40.376361+00:00,346394.0,macross,-,0.00109708,0.0,378.69,-9.67,1,0
2026-09-22T01:55:40.376361+00:00,346394.0,macd,-,0.00102298,0.0,353.11,-35.25,1,0
2026-09-22T01:55:40.376361+00:00,346394.0,rsi,-,0.0,350.0,350.0,-38.36,0,0
2026-09-22T01:55:40.376361+00:00,346394.0,bollinger,-,0.0,350.0,350.0,-38.36,0,0
2026-09-22T01:55:40.376361+00:00,346394.0,dip,-,0.0,350.0,350.0,-38.36,0,0
2026-09-22T07:21:38.949046+00:00,345305.0,buyhold,-,0.00112509,0.0,387.14,0.0,1,0
2026-09-22T07:21:38.949046+00:00,345305.0,rebalance,-,0.00056255,175.0,368.57,-18.57,1,0
2026-09-22T07:21:38.949046+00:00,345305.0,grid,-,0.0,350.06,350.06,-37.08,2,0
2026-09-22T07:21:38.949046+00:00,345305.0,grid_stop,-,0.0,350.06,350.06,-37.08,2,0
2026-09-22T07:21:38.949046+00:00,345305.0,donchian,-,0.00103879,0.0,357.44,-29.7,3,0
2026-09-22T07:21:38.949046+00:00,345305.0,macross,-,0.00109708,0.0,377.5,-9.64,1,0
2026-09-22T07:21:38.949046+00:00,345305.0,macd,-,0.00102298,0.0,352.0,-35.14,1,0
2026-09-22T07:21:38.949046+00:00,345305.0,rsi,-,0.0,350.0,350.0,-37.14,0,0
2026-09-22T07:21:38.949046+00:00,345305.0,bollinger,-,0.0,350.0,350.0,-37.14,0,0
2026-09-22T07:21:38.949046+00:00,345305.0,dip,-,0.0,350.0,350.0,-37.14,0,0
2026-09-22T12:45:10.879382+00:00,348846.0,buyhold,-,0.00112509,0.0,391.11,0.0,1,0
2026-09-22T12:45:10.879382+00:00,348846.0,rebalance,-,0.00056255,175.0,370.55,-20.55,1,0
2026-09-22T12:45:10.879382+00:00,348846.0,grid,-,0.0,350.06,350.06,-41.05,2,0
2026-09-22T12:45:10.879382+00:00,348846.0,grid_stop,-,0.0,350.06,350.06,-41.05,2,0
2026-09-22T12:45:10.879382+00:00,348846.0,donchian,-,0.00103879,0.0,361.11,-30.0,3,0
2026-09-22T12:45:10.879382+00:00,348846.0,macross,-,0.00109708,0.0,381.37,-9.74,1,0
2026-09-22T12:45:10.879382+00:00,348846.0,macd,-,0.00102298,0.0,355.61,-35.5,1,0
2026-09-22T12:45:10.879382+00:00,348846.0,rsi,-,0.0,350.0,350.0,-41.11,0,0
2026-09-22T12:45:10.879382+00:00,348846.0,bollinger,-,0.0,350.0,350.0,-41.11,0,0
2026-09-22T12:45:10.879382+00:00,348846.0,dip,-,0.0,350.0,350.0,-41.11,0,0
2026-09-22T17:19:51.355658+00:00,350063.0,buyhold,-,0.00112509,0.0,392.47,0.0,1,0
2026-09-22T17:19:51.355658+00:00,350063.0,rebalance,-,0.00056255,175.0,371.24,-21.24,1,0
2026-09-22T17:19:51.355658+00:00,350063.0,grid,-,0.0,350.06,350.06,-42.41,2,0
2026-09-22T17:19:51.355658+00:00,350063.0,grid_stop,-,0.0,350.06,350.06,-42.41,2,0
2026-09-22T17:19:51.355658+00:00,350063.0,donchian,-,0.00103879,0.0,362.37,-30.1,3,0
2026-09-22T17:19:51.355658+00:00,350063.0,macross,-,0.00109708,0.0,382.7,-9.77,1,0
2026-09-22T17:19:51.355658+00:00,350063.0,macd,-,0.00102298,0.0,356.85,-35.62,1,0
2026-09-22T17:19:51.355658+00:00,350063.0,rsi,-,0.0,350.0,350.0,-42.47,0,0
2026-09-22T17:19:51.355658+00:00,350063.0,bollinger,-,0.0,350.0,350.0,-42.47,0,0
2026-09-22T17:19:51.355658+00:00,350063.0,dip,-,0.0,350.0,350.0,-42.47,0,0
2026-09-22T20:15:48.588875+00:00,349337.0,buyhold,-,0.00112509,0.0,391.66,0.0,1,0
2026-09-22T20:15:48.588875+00:00,349337.0,rebalance,-,0.00056255,175.0,370.83,-20.83,1,0
2026-09-22T20:15:48.588875+00:00,349337.0,grid,-,0.0,350.06,350.06,-41.6,2,0
2026-09-22T20:15:48.588875+00:00,349337.0,grid_stop,-,0.0,350.06,350.06,-41.6,2,0
2026-09-22T20:15:48.588875+00:00,349337.0,donchian,-,0.00103879,0.0,361.62,-30.04,3,0
2026-09-22T20:15:48.588875+00:00,349337.0,macross,-,0.00109708,0.0,381.91,-9.75,1,0
2026-09-22T20:15:48.588875+00:00,349337.0,macd,-,0.00102298,0.0,356.11,-35.55,1,0
2026-09-22T20:15:48.588875+00:00,349337.0,rsi,-,0.0,350.0,350.0,-41.66,0,0
2026-09-22T20:15:48.588875+00:00,349337.0,bollinger,-,0.0,350.0,350.0,-41.66,0,0
2026-09-22T20:15:48.588875+00:00,349337.0,dip,-,0.0,350.0,350.0,-41.66,0,0
2026-09-22T23:00:21.613870+00:00,348620.0,buyhold,-,0.00112509,0.0,390.86,0.0,1,0
2026-09-22T23:00:21.613870+00:00,348620.0,rebalance,-,0.00056255,175.0,370.43,-20.43,1,0
2026-09-22T23:00:21.613870+00:00,348620.0,grid,-,0.0,350.06,350.06,-40.79,2,0
2026-09-22T23:00:21.613870+00:00,348620.0,grid_stop,-,0.0,350.06,350.06,-40.79,2,0
2026-09-22T23:00:21.613870+00:00,348620.0,donchian,-,0.00103879,0.0,360.88,-29.98,3,0
2026-09-22T23:00:21.613870+00:00,348620.0,macross,-,0.00109708,0.0,381.13,-9.73,1,0
2026-09-22T23:00:21.613870+00:00,348620.0,macd,-,0.00102298,0.0,355.38,-35.47,1,0
2026-09-22T23:00:21.613870+00:00,348620.0,rsi,-,0.0,350.0,350.0,-40.86,0,0
2026-09-22T23:00:21.613870+00:00,348620.0,bollinger,-,0.0,350.0,350.0,-40.86,0,0
2026-09-22T23:00:21.613870+00:00,348620.0,dip,-,0.0,350.0,350.0,-40.86,0,0
2026-09-23T01:27:28.576703+00:00,349915.0,buyhold,-,0.00112509,0.0,392.31,0.0,1,0
2026-09-23T01:27:28.576703+00:00,349915.0,rebalance,-,0.00056255,175.0,371.15,-21.15,1,0
2026-09-23T01:27:28.576703+00:00,349915.0,grid,-,0.0,350.06,350.06,-42.24,2,0
2026-09-23T01:27:28.576703+00:00,349915.0,grid_stop,-,0.0,350.06,350.06,-42.24,2,0
2026-09-23T01:27:28.576703+00:00,349915.0,donchian,-,0.00103879,0.0,362.22,-30.09,3,0
2026-09-23T01:27:28.576703+00:00,349915.0,macross,-,0.00109708,0.0,382.54,-9.77,1,0
2026-09-23T01:27:28.576703+00:00,349915.0,macd,-,0.00102298,0.0,356.7,-35.61,1,0
2026-09-23T01:27:28.576703+00:00,349915.0,rsi,-,0.0,350.0,350.0,-42.31,0,0
2026-09-23T01:27:28.576703+00:00,349915.0,bollinger,-,0.0,350.0,350.0,-42.31,0,0
2026-09-23T01:27:28.576703+00:00,349915.0,dip,-,0.0,350.0,350.0,-42.31,0,0
2026-09-23T06:27:53.044485+00:00,351101.0,buyhold,-,0.00112509,0.0,393.64,0.0,1,0
2026-09-23T06:27:53.044485+00:00,351101.0,rebalance,-,0.00056255,175.0,371.82,-21.82,1,0
2026-09-23T06:27:53.044485+00:00,351101.0,grid,-,0.0,350.06,350.06,-43.57,2,0
2026-09-23T06:27:53.044485+00:00,351101.0,grid_stop,-,0.0,350.06,350.06,-43.57,2,0
2026-09-23T06:27:53.044485+00:00,351101.0,donchian,-,0.00103879,0.0,363.44,-30.19,3,0
2026-09-23T06:27:53.044485+00:00,351101.0,macross,-,0.00109708,0.0,383.84,-9.8,1,0
2026-09-23T06:27:53.044485+00:00,351101.0,macd,-,0.00102298,0.0,357.91,-35.73,1,0
2026-09-23T06:27:53.044485+00:00,351101.0,rsi,-,0.0,350.0,350.0,-43.64,0,0
2026-09-23T06:27:53.044485+00:00,351101.0,bollinger,-,0.0,350.0,350.0,-43.64,0,0
2026-09-23T06:27:53.044485+00:00,351101.0,dip,-,0.0,350.0,350.0,-43.64,0,0
2026-09-23T11:59:59.970902+00:00,348569.0,buyhold,-,0.00112509,0.0,390.8,0.0,1,0
2026-09-23T11:59:59.970902+00:00,348569.0,rebalance,-,0.00056255,175.0,370.4,-20.4,1,0
2026-09-23T11:59:59.970902+00:00,348569.0,grid,-,0.0,350.06,350.06,-40.73,2,0
2026-09-23T11:59:59.970902+00:00,348569.0,grid_stop,-,0.0,350.06,350.06,-40.73,2,0
2026-09-23T11:59:59.970902+00:00,348569.0,donchian,-,0.00103879,0.0,360.82,-29.98,3,0
2026-09-23T11:59:59.970902+00:00,348569.0,macross,-,0.00109708,0.0,381.07,-9.73,1,0
2026-09-23T11:59:59.970902+00:00,348569.0,macd,-,0.00102298,0.0,355.33,-35.47,1,0
2026-09-23T11:59:59.970902+00:00,348569.0,rsi,-,0.0,350.0,350.0,-40.8,0,0
2026-09-23T11:59:59.970902+00:00,348569.0,bollinger,-,0.0,350.0,350.0,-40.8,0,0
2026-09-23T11:59:59.970902+00:00,348569.0,dip,-,0.0,350.0,350.0,-40.8,0,0
2026-09-23T16:45:31.200975+00:00,342880.0,buyhold,-,0.00112509,0.0,384.42,0.0,1,0
2026-09-23T16:45:31.200975+00:00,342880.0,rebalance,-,0.00056255,175.0,367.21,-17.21,1,0
2026-09-23T16:45:31.200975+00:00,342880.0,grid,-,0.0,350.06,350.06,-34.36,2,0
2026-09-23T16:45:31.200975+00:00,342880.0,grid_stop,-,0.0,350.06,350.06,-34.36,2,0
2026-09-23T16:45:31.200975+00:00,342880.0,donchian,TINDAKAN,0.0,354.93,354.93,-29.49,4,0
2026-09-23T16:45:31.200975+00:00,342880.0,macross,-,0.00109708,0.0,374.85,-9.57,1,0
2026-09-23T16:45:31.200975+00:00,342880.0,macd,TINDAKAN,0.0,349.53,349.53,-34.89,2,0
2026-09-23T16:45:31.200975+00:00,342880.0,rsi,-,0.0,350.0,350.0,-34.42,0,0
2026-09-23T16:45:31.200975+00:00,342880.0,bollinger,-,0.0,350.0,350.0,-34.42,0,0
2026-09-23T16:45:31.200975+00:00,342880.0,dip,-,0.0,350.0,350.0,-34.42,0,0
2026-09-23T19:51:41.079931+00:00,344701.0,buyhold,-,0.00112509,0.0,386.46,0.0,1,0
2026-09-23T19:51:41.079931+00:00,344701.0,rebalance,-,0.00056255,175.0,368.23,-18.23,1,0
2026-09-23T19:51:41.079931+00:00,344701.0,grid,-,0.0,350.06,350.06,-36.4,2,0
2026-09-23T19:51:41.079931+00:00,344701.0,grid_stop,-,0.0,350.06,350.06,-36.4,2,0
2026-09-23T19:51:41.079931+00:00,344701.0,donchian,-,0.0,354.93,354.93,-31.53,4,0
2026-09-23T19:51:41.079931+00:00,344701.0,macross,-,0.00109708,0.0,376.84,-9.62,1,0
2026-09-23T19:51:41.079931+00:00,344701.0,macd,-,0.0,349.53,349.53,-36.93,2,0
2026-09-23T19:51:41.079931+00:00,344701.0,rsi,-,0.0,350.0,350.0,-36.46,0,0
2026-09-23T19:51:41.079931+00:00,344701.0,bollinger,-,0.0,350.0,350.0,-36.46,0,0
2026-09-23T19:51:41.079931+00:00,344701.0,dip,-,0.0,350.0,350.0,-36.46,0,0
2026-09-23T22:40:41.729461+00:00,345016.0,buyhold,-,0.00112509,0.0,386.82,0.0,1,0
2026-09-23T22:40:41.729461+00:00,345016.0,rebalance,-,0.00056255,175.0,368.41,-18.41,1,0
2026-09-23T22:40:41.729461+00:00,345016.0,grid,-,0.0,350.06,350.06,-36.75,2,0
2026-09-23T22:40:41.729461+00:00,345016.0,grid_stop,-,0.0,350.06,350.06,-36.75,2,0
2026-09-23T22:40:41.729461+00:00,345016.0,donchian,-,0.0,354.93,354.93,-31.88,4,0
2026-09-23T22:40:41.729461+00:00,345016.0,macross,-,0.00109708,0.0,377.19,-9.63,1,0
2026-09-23T22:40:41.729461+00:00,345016.0,macd,-,0.0,349.53,349.53,-37.29,2,0
2026-09-23T22:40:41.729461+00:00,345016.0,rsi,-,0.0,350.0,350.0,-36.82,0,0
2026-09-23T22:40:41.729461+00:00,345016.0,bollinger,-,0.0,350.0,350.0,-36.82,0,0
2026-09-23T22:40:41.729461+00:00,345016.0,dip,-,0.0,350.0,350.0,-36.82,0,0
2026-09-24T00:55:03.177561+00:00,345342.0,buyhold,-,0.00112509,0.0,387.18,0.0,1,0
2026-09-24T00:55:03.177561+00:00,345342.0,rebalance,-,0.00056255,175.0,368.59,-18.59,1,0
2026-09-24T00:55:03.177561+00:00,345342.0,grid,-,0.0,350.06,350.06,-37.12,2,0
2026-09-24T00:55:03.177561+00:00,345342.0,grid_stop,-,0.0,350.06,350.06,-37.12,2,0
2026-09-24T00:55:03.177561+00:00,345342.0,donchian,-,0.0,354.93,354.93,-32.25,4,0
2026-09-24T00:55:03.177561+00:00,345342.0,macross,-,0.00109708,0.0,377.54,-9.64,1,0
2026-09-24T00:55:03.177561+00:00,345342.0,macd,-,0.0,349.53,349.53,-37.65,2,0
2026-09-24T00:55:03.177561+00:00,345342.0,rsi,-,0.0,350.0,350.0,-37.18,0,0
2026-09-24T00:55:03.177561+00:00,345342.0,bollinger,-,0.0,350.0,350.0,-37.18,0,0
2026-09-24T00:55:03.177561+00:00,345342.0,dip,-,0.0,350.0,350.0,-37.18,0,0
2026-09-24T05:51:00.463122+00:00,343600.0,buyhold,-,0.00112509,0.0,385.23,0.0,1,0
2026-09-24T05:51:00.463122+00:00,343600.0,rebalance,-,0.00056255,175.0,367.61,-17.61,1,0
2026-09-24T05:51:00.463122+00:00,343600.0,grid,-,0.0,350.06,350.06,-35.16,2,0
2026-09-24T05:51:00.463122+00:00,343600.0,grid_stop,-,0.0,350.06,350.06,-35.16,2,0
2026-09-24T05:51:00.463122+00:00,343600.0,donchian,-,0.0,354.93,354.93,-30.29,4,0
2026-09-24T05:51:00.463122+00:00,343600.0,macross,-,0.00109708,0.0,375.64,-9.59,1,0
2026-09-24T05:51:00.463122+00:00,343600.0,macd,-,0.0,349.53,349.53,-35.7,2,0
2026-09-24T05:51:00.463122+00:00,343600.0,rsi,-,0.0,350.0,350.0,-35.23,0,0
2026-09-24T05:51:00.463122+00:00,343600.0,bollinger,-,0.0,350.0,350.0,-35.23,0,0
2026-09-24T05:51:00.463122+00:00,343600.0,dip,-,0.0,350.0,350.0,-35.23,0,0
2026-09-24T11:07:13.491875+00:00,341912.0,buyhold,-,0.00112509,0.0,383.34,0.0,1,0
2026-09-24T11:07:13.491875+00:00,341912.0,rebalance,-,0.00056255,175.0,366.67,-16.67,1,0
2026-09-24T11:07:13.491875+00:00,341912.0,grid,-,0.0,350.06,350.06,-33.27,2,0
2026-09-24T11:07:13.491875+00:00,341912.0,grid_stop,-,0.0,350.06,350.06,-33.27,2,0
2026-09-24T11:07:13.491875+00:00,341912.0,donchian,-,0.0,354.93,354.93,-28.4,4,0
2026-09-24T11:07:13.491875+00:00,341912.0,macross,-,0.00109708,0.0,373.79,-9.54,1,0
2026-09-24T11:07:13.491875+00:00,341912.0,macd,-,0.0,349.53,349.53,-33.81,2,0
2026-09-24T11:07:13.491875+00:00,341912.0,rsi,-,0.0,350.0,350.0,-33.34,0,0
2026-09-24T11:07:13.491875+00:00,341912.0,bollinger,-,0.0,350.0,350.0,-33.34,0,0
2026-09-24T11:07:13.491875+00:00,341912.0,dip,-,0.0,350.0,350.0,-33.34,0,0
2026-09-24T15:48:16.957751+00:00,345520.0,buyhold,-,0.00112509,0.0,387.38,0.0,1,0
2026-09-24T15:48:16.957751+00:00,345520.0,rebalance,-,0.00056255,175.0,368.69,-18.69,1,0
2026-09-24T15:48:16.957751+00:00,345520.0,grid,-,0.0,350.06,350.06,-37.32,2,0
2026-09-24T15:48:16.957751+00:00,345520.0,grid_stop,-,0.0,350.06,350.06,-37.32,2,0
2026-09-24T15:48:16.957751+00:00,345520.0,donchian,-,0.0,354.93,354.93,-32.45,4,0
2026-09-24T15:48:16.957751+00:00,345520.0,macross,-,0.00109708,0.0,377.74,-9.64,1,0
2026-09-24T15:48:16.957751+00:00,345520.0,macd,-,0.0,349.53,349.53,-37.85,2,0
2026-09-24T15:48:16.957751+00:00,345520.0,rsi,-,0.0,350.0,350.0,-37.38,0,0
2026-09-24T15:48:16.957751+00:00,345520.0,bollinger,-,0.0,350.0,350.0,-37.38,0,0
2026-09-24T15:48:16.957751+00:00,345520.0,dip,-,0.0,350.0,350.0,-37.38,0,0
2026-09-24T19:31:16.815387+00:00,346236.0,buyhold,-,0.00112509,0.0,388.18,0.0,1,0
2026-09-24T19:31:16.815387+00:00,346236.0,rebalance,-,0.00056255,175.0,369.09,-19.09,1,0
2026-09-24T19:31:16.815387+00:00,346236.0,grid,-,0.0,350.06,350.06,-38.12,2,0
2026-09-24T19:31:16.815387+00:00,346236.0,grid_stop,-,0.0,350.06,350.06,-38.12,2,0
2026-09-24T19:31:16.815387+00:00,346236.0,donchian,-,0.0,354.93,354.93,-33.25,4,0
2026-09-24T19:31:16.815387+00:00,346236.0,macross,-,0.00109708,0.0,378.52,-9.66,1,0
2026-09-24T19:31:16.815387+00:00,346236.0,macd,-,0.0,349.53,349.53,-38.65,2,0
2026-09-24T19:31:16.815387+00:00,346236.0,rsi,-,0.0,350.0,350.0,-38.18,0,0
2026-09-24T19:31:16.815387+00:00,346236.0,bollinger,-,0.0,350.0,350.0,-38.18,0,0
2026-09-24T19:31:16.815387+00:00,346236.0,dip,-,0.0,350.0,350.0,-38.18,0,0
2026-09-24T22:44:15.071553+00:00,344395.0,buyhold,-,0.00112509,0.0,386.12,0.0,1,0
2026-09-24T22:44:15.071553+00:00,344395.0,rebalance,-,0.00056255,175.0,368.06,-18.06,1,0
2026-09-24T22:44:15.071553+00:00,344395.0,grid,-,0.0,350.06,350.06,-36.05,2,0
2026-09-24T22:44:15.071553+00:00,344395.0,grid_stop,-,0.0,350.06,350.06,-36.05,2,0
2026-09-24T22:44:15.071553+00:00,344395.0,donchian,-,0.0,354.93,354.93,-31.19,4,0
2026-09-24T22:44:15.071553+00:00,344395.0,macross,-,0.00109708,0.0,376.51,-9.61,1,0
2026-09-24T22:44:15.071553+00:00,344395.0,macd,-,0.0,349.53,349.53,-36.59,2,0
2026-09-24T22:44:15.071553+00:00,344395.0,rsi,-,0.0,350.0,350.0,-36.12,0,0
2026-09-24T22:44:15.071553+00:00,344395.0,bollinger,-,0.0,350.0,350.0,-36.12,0,0
2026-09-24T22:44:15.071553+00:00,344395.0,dip,-,0.0,350.0,350.0,-36.12,0,0
2026-09-25T00:54:42.994751+00:00,345901.0,buyhold,-,0.00112509,0.0,387.81,0.0,1,0
2026-09-25T00:54:42.994751+00:00,345901.0,rebalance,-,0.00056255,175.0,368.9,-18.9,1,0
2026-09-25T00:54:42.994751+00:00,345901.0,grid,-,0.0,350.06,350.06,-37.74,2,0
2026-09-25T00:54:42.994751+00:00,345901.0,grid_stop,-,0.0,350.06,350.06,-37.74,2,0
2026-09-25T00:54:42.994751+00:00,345901.0,donchian,-,0.0,354.93,354.93,-32.87,4,0
2026-09-25T00:54:42.994751+00:00,345901.0,macross,-,0.00109708,0.0,378.15,-9.66,1,0
2026-09-25T00:54:42.994751+00:00,345901.0,macd,-,0.0,349.53,349.53,-38.28,2,0
2026-09-25T00:54:42.994751+00:00,345901.0,rsi,-,0.0,350.0,350.0,-37.81,0,0
2026-09-25T00:54:42.994751+00:00,345901.0,bollinger,-,0.0,350.0,350.0,-37.81,0,0
2026-09-25T00:54:42.994751+00:00,345901.0,dip,-,0.0,350.0,350.0,-37.81,0,0
2026-09-25T05:48:27.266350+00:00,344831.0,buyhold,-,0.00112509,0.0,386.61,0.0,1,0
2026-09-25T05:48:27.266350+00:00,344831.0,rebalance,-,0.00056255,175.0,368.3,-18.3,1,0
2026-09-25T05:48:27.266350+00:00,344831.0,grid,-,0.0,350.06,350.06,-36.54,2,0
2026-09-25T05:48:27.266350+00:00,344831.0,grid_stop,-,0.0,350.06,350.06,-36.54,2,0
2026-09-25T05:48:27.266350+00:00,344831.0,donchian,-,0.0,354.93,354.93,-31.67,4,0
2026-09-25T05:48:27.266350+00:00,344831.0,macross,-,0.00109708,0.0,376.98,-9.63,1,0
2026-09-25T05:48:27.266350+00:00,344831.0,macd,-,0.0,349.53,349.53,-37.08,2,0
2026-09-25T05:48:27.266350+00:00,344831.0,rsi,-,0.0,350.0,350.0,-36.61,0,0
2026-09-25T05:48:27.266350+00:00,344831.0,bollinger,-,0.0,350.0,350.0,-36.61,0,0
2026-09-25T05:48:27.266350+00:00,344831.0,dip,-,0.0,350.0,350.0,-36.61,0,0
2026-09-25T10:36:06.093994+00:00,345027.0,buyhold,-,0.00112509,0.0,386.83,0.0,1,0
2026-09-25T10:36:06.093994+00:00,345027.0,rebalance,-,0.00056255,175.0,368.41,-18.41,1,0
2026-09-25T10:36:06.093994+00:00,345027.0,grid,-,0.0,350.06,350.06,-36.76,2,0
2026-09-25T10:36:06.093994+00:00,345027.0,grid_stop,-,0.0,350.06,350.06,-36.76,2,0
2026-09-25T10:36:06.093994+00:00,345027.0,donchian,-,0.0,354.93,354.93,-31.89,4,0
2026-09-25T10:36:06.093994+00:00,345027.0,macross,-,0.00109708,0.0,377.2,-9.63,1,0
2026-09-25T10:36:06.093994+00:00,345027.0,macd,-,0.0,349.53,349.53,-37.3,2,0
2026-09-25T10:36:06.093994+00:00,345027.0,rsi,-,0.0,350.0,350.0,-36.83,0,0
2026-09-25T10:36:06.093994+00:00,345027.0,bollinger,-,0.0,350.0,350.0,-36.83,0,0
2026-09-25T10:36:06.093994+00:00,345027.0,dip,-,0.0,350.0,350.0,-36.83,0,0
2026-09-25T15:32:14.963092+00:00,341394.0,buyhold,-,0.00112509,0.0,382.76,0.0,1,0
2026-09-25T15:32:14.963092+00:00,341394.0,rebalance,-,0.00056255,175.0,366.38,-16.38,1,0
2026-09-25T15:32:14.963092+00:00,341394.0,grid,-,0.0,350.06,350.06,-32.69,2,0
2026-09-25T15:32:14.963092+00:00,341394.0,grid_stop,-,0.0,350.06,350.06,-32.69,2,0
2026-09-25T15:32:14.963092+00:00,341394.0,donchian,-,0.0,354.93,354.93,-27.82,4,0
2026-09-25T15:32:14.963092+00:00,341394.0,macross,-,0.00109708,0.0,373.23,-9.53,1,0
2026-09-25T15:32:14.963092+00:00,341394.0,macd,-,0.0,349.53,349.53,-33.22,2,0
2026-09-25T15:32:14.963092+00:00,341394.0,rsi,-,0.0,350.0,350.0,-32.76,0,0
2026-09-25T15:32:14.963092+00:00,341394.0,bollinger,-,0.0,350.0,350.0,-32.76,0,0
2026-09-25T15:32:14.963092+00:00,341394.0,dip,-,0.0,350.0,350.0,-32.76,0,0
2026-09-25T19:31:27.824165+00:00,341947.0,buyhold,-,0.00112509,0.0,383.38,0.0,1,0
2026-09-25T19:31:27.824165+00:00,341947.0,rebalance,-,0.00056255,175.0,366.69,-16.69,1,0
2026-09-25T19:31:27.824165+00:00,341947.0,grid,-,0.0,350.06,350.06,-33.31,2,0
2026-09-25T19:31:27.824165+00:00,341947.0,grid_stop,-,0.0,350.06,350.06,-33.31,2,0
2026-09-25T19:31:27.824165+00:00,341947.0,donchian,-,0.0,354.93,354.93,-28.44,4,0
2026-09-25T19:31:27.824165+00:00,341947.0,macross,TINDAKAN,0.0,373.83,373.83,-9.54,2,0
2026-09-25T19:31:27.824165+00:00,341947.0,macd,-,0.0,349.53,349.53,-33.84,2,0
2026-09-25T19:31:27.824165+00:00,341947.0,rsi,-,0.0,350.0,350.0,-33.38,0,0
2026-09-25T19:31:27.824165+00:00,341947.0,bollinger,-,0.0,350.0,350.0,-33.38,0,0
2026-09-25T19:31:27.824165+00:00,341947.0,dip,-,0.0,350.0,350.0,-33.38,0,0
2026-09-25T22:47:39.736198+00:00,342138.0,buyhold,-,0.00112509,0.0,383.59,0.0,1,0
2026-09-25T22:47:39.736198+00:00,342138.0,rebalance,-,0.00056255,175.0,366.79,-16.79,1,0
2026-09-25T22:47:39.736198+00:00,342138.0,grid,-,0.0,350.06,350.06,-33.52,2,0
2026-09-25T22:47:39.736198+00:00,342138.0,grid_stop,-,0.0,350.06,350.06,-33.52,2,0
2026-09-25T22:47:39.736198+00:00,342138.0,donchian,-,0.0,354.93,354.93,-28.66,4,0
2026-09-25T22:47:39.736198+00:00,342138.0,macross,-,0.0,373.83,373.83,-9.76,2,0
2026-09-25T22:47:39.736198+00:00,342138.0,macd,-,0.0,349.53,349.53,-34.06,2,0
2026-09-25T22:47:39.736198+00:00,342138.0,rsi,-,0.0,350.0,350.0,-33.59,0,0
2026-09-25T22:47:39.736198+00:00,342138.0,bollinger,-,0.0,350.0,350.0,-33.59,0,0
2026-09-25T22:47:39.736198+00:00,342138.0,dip,-,0.0,350.0,350.0,-33.59,0,0
2026-09-26T00:57:14.780726+00:00,341781.0,buyhold,-,0.00112509,0.0,383.19,0.0,1,0
2026-09-26T00:57:14.780726+00:00,341781.0,rebalance,-,0.00056255,175.0,366.59,-16.59,1,0
2026-09-26T00:57:14.780726+00:00,341781.0,grid,-,0.0,350.06,350.06,-33.12,2,0
2026-09-26T00:57:14.780726+00:00,341781.0,grid_stop,-,0.0,350.06,350.06,-33.12,2,0
2026-09-26T00:57:14.780726+00:00,341781.0,donchian,-,0.0,354.93,354.93,-28.26,4,0
2026-09-26T00:57:14.780726+00:00,341781.0,macross,-,0.0,373.83,373.83,-9.36,2,0
2026-09-26T00:57:14.780726+00:00,341781.0,macd,-,0.0,349.53,349.53,-33.66,2,0
2026-09-26T00:57:14.780726+00:00,341781.0,rsi,-,0.0,350.0,350.0,-33.19,0,0
2026-09-26T00:57:14.780726+00:00,341781.0,bollinger,-,0.0,350.0,350.0,-33.19,0,0
2026-09-26T00:57:14.780726+00:00,341781.0,dip,-,0.0,350.0,350.0,-33.19,0,0
2026-09-26T05:57:49.136763+00:00,342257.0,buyhold,-,0.00112509,0.0,383.72,0.0,1,0
2026-09-26T05:57:49.136763+00:00,342257.0,rebalance,-,0.00056255,175.0,366.86,-16.86,1,0
2026-09-26T05:57:49.136763+00:00,342257.0,grid,-,0.0,350.06,350.06,-33.66,2,0
2026-09-26T05:57:49.136763+00:00,342257.0,grid_stop,-,0.0,350.06,350.06,-33.66,2,0
2026-09-26T05:57:49.136763+00:00,342257.0,donchian,-,0.0,354.93,354.93,-28.79,4,0
2026-09-26T05:57:49.136763+00:00,342257.0,macross,-,0.0,373.83,373.83,-9.89,2,0
2026-09-26T05:57:49.136763+00:00,342257.0,macd,-,0.0,349.53,349.53,-34.19,2,0
2026-09-26T05:57:49.136763+00:00,342257.0,rsi,-,0.0,350.0,350.0,-33.72,0,0
2026-09-26T05:57:49.136763+00:00,342257.0,bollinger,-,0.0,350.0,350.0,-33.72,0,0
2026-09-26T05:57:49.136763+00:00,342257.0,dip,-,0.0,350.0,350.0,-33.72,0,0
2026-09-26T11:07:20.583451+00:00,343041.0,buyhold,-,0.00112509,0.0,384.6,0.0,1,0
2026-09-26T11:07:20.583451+00:00,343041.0,rebalance,-,0.00056255,175.0,367.3,-17.3,1,0
2026-09-26T11:07:20.583451+00:00,343041.0,grid,-,0.0,350.06,350.06,-34.54,2,0
2026-09-26T11:07:20.583451+00:00,343041.0,grid_stop,-,0.0,350.06,350.06,-34.54,2,0
2026-09-26T11:07:20.583451+00:00,343041.0,donchian,-,0.0,354.93,354.93,-29.67,4,0
2026-09-26T11:07:20.583451+00:00,343041.0,macross,-,0.0,373.83,373.83,-10.77,2,0
2026-09-26T11:07:20.583451+00:00,343041.0,macd,-,0.0,349.53,349.53,-35.07,2,0
2026-09-26T11:07:20.583451+00:00,343041.0,rsi,-,0.0,350.0,350.0,-34.6,0,0
2026-09-26T11:07:20.583451+00:00,343041.0,bollinger,-,0.0,350.0,350.0,-34.6,0,0
2026-09-26T11:07:20.583451+00:00,343041.0,dip,-,0.0,350.0,350.0,-34.6,0,0
2026-09-26T14:57:51.528608+00:00,342836.0,buyhold,-,0.00112509,0.0,384.37,0.0,1,0
2026-09-26T14:57:51.528608+00:00,342836.0,rebalance,-,0.00056255,175.0,367.19,-17.19,1,0
2026-09-26T14:57:51.528608+00:00,342836.0,grid,-,0.0,350.06,350.06,-34.31,2,0
2026-09-26T14:57:51.528608+00:00,342836.0,grid_stop,-,0.0,350.06,350.06,-34.31,2,0
2026-09-26T14:57:51.528608+00:00,342836.0,donchian,-,0.0,354.93,354.93,-29.44,4,0
2026-09-26T14:57:51.528608+00:00,342836.0,macross,-,0.0,373.83,373.83,-10.54,2,0
2026-09-26T14:57:51.528608+00:00,342836.0,macd,-,0.0,349.53,349.53,-34.84,2,0
2026-09-26T14:57:51.528608+00:00,342836.0,rsi,-,0.0,350.0,350.0,-34.37,0,0
2026-09-26T14:57:51.528608+00:00,342836.0,bollinger,-,0.0,350.0,350.0,-34.37,0,0
2026-09-26T14:57:51.528608+00:00,342836.0,dip,-,0.0,350.0,350.0,-34.37,0,0
2026-09-26T18:27:05.672622+00:00,343083.0,buyhold,-,0.00112509,0.0,384.65,0.0,1,0
2026-09-26T18:27:05.672622+00:00,343083.0,rebalance,-,0.00056255,175.0,367.32,-17.32,1,0
2026-09-26T18:27:05.672622+00:00,343083.0,grid,-,0.0,350.06,350.06,-34.58,2,0
2026-09-26T18:27:05.672622+00:00,343083.0,grid_stop,-,0.0,350.06,350.06,-34.58,2,0
2026-09-26T18:27:05.672622+00:00,343083.0,donchian,-,0.0,354.93,354.93,-29.71,4,0
2026-09-26T18:27:05.672622+00:00,343083.0,macross,-,0.0,373.83,373.83,-10.82,2,0
2026-09-26T18:27:05.672622+00:00,343083.0,macd,-,0.0,349.53,349.53,-35.12,2,0
2026-09-26T18:27:05.672622+00:00,343083.0,rsi,-,0.0,350.0,350.0,-34.65,0,0
2026-09-26T18:27:05.672622+00:00,343083.0,bollinger,-,0.0,350.0,350.0,-34.65,0,0
2026-09-26T18:27:05.672622+00:00,343083.0,dip,-,0.0,350.0,350.0,-34.65,0,0
2026-09-26T21:24:03.522567+00:00,343137.0,buyhold,-,0.00112509,0.0,384.71,0.0,1,0
2026-09-26T21:24:03.522567+00:00,343137.0,rebalance,-,0.00056255,175.0,367.35,-17.35,1,0
2026-09-26T21:24:03.522567+00:00,343137.0,grid,-,0.0,350.06,350.06,-34.64,2,0
2026-09-26T21:24:03.522567+00:00,343137.0,grid_stop,-,0.0,350.06,350.06,-34.64,2,0
2026-09-26T21:24:03.522567+00:00,343137.0,donchian,-,0.0,354.93,354.93,-29.78,4,0
2026-09-26T21:24:03.522567+00:00,343137.0,macross,-,0.0,373.83,373.83,-10.88,2,0
2026-09-26T21:24:03.522567+00:00,343137.0,macd,-,0.0,349.53,349.53,-35.18,2,0
2026-09-26T21:24:03.522567+00:00,343137.0,rsi,-,0.0,350.0,350.0,-34.71,0,0
2026-09-26T21:24:03.522567+00:00,343137.0,bollinger,-,0.0,350.0,350.0,-34.71,0,0
2026-09-26T21:24:03.522567+00:00,343137.0,dip,-,0.0,350.0,350.0,-34.71,0,0
2026-09-26T23:44:44.124935+00:00,344123.0,buyhold,-,0.00112509,0.0,385.81,0.0,1,0
2026-09-26T23:44:44.124935+00:00,344123.0,rebalance,-,0.00056255,175.0,367.91,-17.91,1,0
2026-09-26T23:44:44.124935+00:00,344123.0,grid,-,0.0,350.06,350.06,-35.75,2,0
2026-09-26T23:44:44.124935+00:00,344123.0,grid_stop,-,0.0,350.06,350.06,-35.75,2,0
2026-09-26T23:44:44.124935+00:00,344123.0,donchian,-,0.0,354.93,354.93,-30.88,4,0
2026-09-26T23:44:44.124935+00:00,344123.0,macross,-,0.0,373.83,373.83,-11.98,2,0
2026-09-26T23:44:44.124935+00:00,344123.0,macd,-,0.0,349.53,349.53,-36.28,2,0
2026-09-26T23:44:44.124935+00:00,344123.0,rsi,-,0.0,350.0,350.0,-35.81,0,0
2026-09-26T23:44:44.124935+00:00,344123.0,bollinger,-,0.0,350.0,350.0,-35.81,0,0
2026-09-26T23:44:44.124935+00:00,344123.0,dip,-,0.0,350.0,350.0,-35.81,0,0
2026-09-27T01:52:35.502579+00:00,344881.0,buyhold,-,0.00112509,0.0,386.66,0.0,1,0
2026-09-27T01:52:35.502579+00:00,344881.0,rebalance,-,0.00056255,175.0,368.33,-18.33,1,0
2026-09-27T01:52:35.502579+00:00,344881.0,grid,-,0.0,350.06,350.06,-36.6,2,0
2026-09-27T01:52:35.502579+00:00,344881.0,grid_stop,-,0.0,350.06,350.06,-36.6,2,0
2026-09-27T01:52:35.502579+00:00,344881.0,donchian,-,0.0,354.93,354.93,-31.73,4,0
2026-09-27T01:52:35.502579+00:00,344881.0,macross,-,0.0,373.83,373.83,-12.83,2,0
2026-09-27T01:52:35.502579+00:00,344881.0,macd,-,0.0,349.53,349.53,-37.13,2,0
2026-09-27T01:52:35.502579+00:00,344881.0,rsi,-,0.0,350.0,350.0,-36.66,0,0
2026-09-27T01:52:35.502579+00:00,344881.0,bollinger,-,0.0,350.0,350.0,-36.66,0,0
2026-09-27T01:52:35.502579+00:00,344881.0,dip,-,0.0,350.0,350.0,-36.66,0,0
2026-09-27T07:35:36.747966+00:00,344898.0,buyhold,-,0.00112509,0.0,386.68,0.0,1,0
2026-09-27T07:35:36.747966+00:00,344898.0,rebalance,-,0.00056255,175.0,368.34,-18.34,1,0
2026-09-27T07:35:36.747966+00:00,344898.0,grid,-,0.0,350.06,350.06,-36.62,2,0
2026-09-27T07:35:36.747966+00:00,344898.0,grid_stop,-,0.0,350.06,350.06,-36.62,2,0
2026-09-27T07:35:36.747966+00:00,344898.0,donchian,-,0.0,354.93,354.93,-31.75,4,0
2026-09-27T07:35:36.747966+00:00,344898.0,macross,-,0.0,373.83,373.83,-12.85,2,0
2026-09-27T07:35:36.747966+00:00,344898.0,macd,-,0.0,349.53,349.53,-37.15,2,0
2026-09-27T07:35:36.747966+00:00,344898.0,rsi,-,0.0,350.0,350.0,-36.68,0,0
2026-09-27T07:35:36.747966+00:00,344898.0,bollinger,-,0.0,350.0,350.0,-36.68,0,0
2026-09-27T07:35:36.747966+00:00,344898.0,dip,-,0.0,350.0,350.0,-36.68,0,0
2026-09-27T13:16:43.384369+00:00,345673.0,buyhold,-,0.00112509,0.0,387.55,0.0,1,0
2026-09-27T13:16:43.384369+00:00,345673.0,rebalance,-,0.00056255,175.0,368.78,-18.78,1,0
2026-09-27T13:16:43.384369+00:00,345673.0,grid,-,0.0,350.06,350.06,-37.49,2,0
2026-09-27T13:16:43.384369+00:00,345673.0,grid_stop,-,0.0,350.06,350.06,-37.49,2,0
2026-09-27T13:16:43.384369+00:00,345673.0,donchian,-,0.0,354.93,354.93,-32.62,4,0
2026-09-27T13:16:43.384369+00:00,345673.0,macross,-,0.0,373.83,373.83,-13.72,2,0
2026-09-27T13:16:43.384369+00:00,345673.0,macd,-,0.0,349.53,349.53,-38.02,2,0
2026-09-27T13:16:43.384369+00:00,345673.0,rsi,-,0.0,350.0,350.0,-37.55,0,0
2026-09-27T13:16:43.384369+00:00,345673.0,bollinger,-,0.0,350.0,350.0,-37.55,0,0
2026-09-27T13:16:43.384369+00:00,345673.0,dip,-,0.0,350.0,350.0,-37.55,0,0
2026-09-27T17:48:39.333440+00:00,345031.0,buyhold,-,0.00112509,0.0,386.83,0.0,1,0
2026-09-27T17:48:39.333440+00:00,345031.0,rebalance,-,0.00056255,175.0,368.42,-18.42,1,0
2026-09-27T17:48:39.333440+00:00,345031.0,grid,-,0.0,350.06,350.06,-36.77,2,0
2026-09-27T17:48:39.333440+00:00,345031.0,grid_stop,-,0.0,350.06,350.06,-36.77,2,0
2026-09-27T17:48:39.333440+00:00,345031.0,donchian,-,0.0,354.93,354.93,-31.9,4,0
2026-09-27T17:48:39.333440+00:00,345031.0,macross,-,0.0,373.83,373.83,-13.0,2,0
2026-09-27T17:48:39.333440+00:00,345031.0,macd,-,0.0,349.53,349.53,-37.3,2,0
2026-09-27T17:48:39.333440+00:00,345031.0,rsi,-,0.0,350.0,350.0,-36.83,0,0
2026-09-27T17:48:39.333440+00:00,345031.0,bollinger,-,0.0,350.0,350.0,-36.83,0,0
2026-09-27T17:48:39.333440+00:00,345031.0,dip,-,0.0,350.0,350.0,-36.83,0,0
2026-09-27T20:27:50.258177+00:00,345544.0,buyhold,-,0.00112509,0.0,387.41,0.0,1,0
2026-09-27T20:27:50.258177+00:00,345544.0,rebalance,-,0.00056255,175.0,368.7,-18.7,1,0
2026-09-27T20:27:50.258177+00:00,345544.0,grid,-,0.0,350.06,350.06,-37.34,2,0
2026-09-27T20:27:50.258177+00:00,345544.0,grid_stop,-,0.0,350.06,350.06,-37.34,2,0
2026-09-27T20:27:50.258177+00:00,345544.0,donchian,-,0.0,354.93,354.93,-32.47,4,0
2026-09-27T20:27:50.258177+00:00,345544.0,macross,-,0.0,373.83,373.83,-13.58,2,0
2026-09-27T20:27:50.258177+00:00,345544.0,macd,TINDAKAN,0.001008,0.0,347.09,-40.32,3,0
2026-09-27T20:27:50.258177+00:00,345544.0,rsi,-,0.0,350.0,350.0,-37.41,0,0
2026-09-27T20:27:50.258177+00:00,345544.0,bollinger,-,0.0,350.0,350.0,-37.41,0,0
2026-09-27T20:27:50.258177+00:00,345544.0,dip,-,0.0,350.0,350.0,-37.41,0,0
2026-09-27T23:18:59.037109+00:00,343552.0,buyhold,-,0.00112509,0.0,385.17,0.0,1,0
2026-09-27T23:18:59.037109+00:00,343552.0,rebalance,-,0.00056255,175.0,367.59,-17.59,1,0
2026-09-27T23:18:59.037109+00:00,343552.0,grid,-,0.0,350.06,350.06,-35.11,2,0
2026-09-27T23:18:59.037109+00:00,343552.0,grid_stop,-,0.0,350.06,350.06,-35.11,2,0
2026-09-27T23:18:59.037109+00:00,343552.0,donchian,-,0.0,354.93,354.93,-30.24,4,0
2026-09-27T23:18:59.037109+00:00,343552.0,macross,-,0.0,373.83,373.83,-11.34,2,0
2026-09-27T23:18:59.037109+00:00,343552.0,macd,TINDAKAN,0.0,345.09,345.09,-40.09,4,0
2026-09-27T23:18:59.037109+00:00,343552.0,rsi,-,0.0,350.0,350.0,-35.17,0,0
2026-09-27T23:18:59.037109+00:00,343552.0,bollinger,-,0.0,350.0,350.0,-35.17,0,0
2026-09-27T23:18:59.037109+00:00,343552.0,dip,-,0.0,350.0,350.0,-35.17,0,0
2026-09-28T01:46:27.501748+00:00,343002.0,buyhold,-,0.00112509,0.0,384.56,0.0,1,0
2026-09-28T01:46:27.501748+00:00,343002.0,rebalance,-,0.00056255,175.0,367.28,-17.28,1,0
2026-09-28T01:46:27.501748+00:00,343002.0,grid,-,0.0,350.06,350.06,-34.49,2,0
2026-09-28T01:46:27.501748+00:00,343002.0,grid_stop,-,0.0,350.06,350.06,-34.49,2,0
2026-09-28T01:46:27.501748+00:00,343002.0,donchian,-,0.0,354.93,354.93,-29.62,4,0
2026-09-28T01:46:27.501748+00:00,343002.0,macross,TINDAKAN,0.00108606,0.0,371.22,-13.34,3,0
2026-09-28T01:46:27.501748+00:00,343002.0,macd,-,0.0,345.09,345.09,-39.47,4,0
2026-09-28T01:46:27.501748+00:00,343002.0,rsi,-,0.0,350.0,350.0,-34.56,0,0
2026-09-28T01:46:27.501748+00:00,343002.0,bollinger,-,0.0,350.0,350.0,-34.56,0,0
2026-09-28T01:46:27.501748+00:00,343002.0,dip,-,0.0,350.0,350.0,-34.56,0,0
2026-09-28T07:44:29.455270+00:00,340606.0,buyhold,-,0.00112509,0.0,381.87,0.0,1,0
2026-09-28T07:44:29.455270+00:00,340606.0,rebalance,-,0.00056255,175.0,365.94,-15.94,1,0
2026-09-28T07:44:29.455270+00:00,340606.0,grid,-,0.0,350.06,350.06,-31.81,2,0
2026-09-28T07:44:29.455270+00:00,340606.0,grid_stop,-,0.0,350.06,350.06,-31.81,2,0
2026-09-28T07:44:29.455270+00:00,340606.0,donchian,-,0.0,354.93,354.93,-26.94,4,0
2026-09-28T07:44:29.455270+00:00,340606.0,macross,-,0.00108606,0.0,368.62,-13.25,3,0
2026-09-28T07:44:29.455270+00:00,340606.0,macd,-,0.0,345.09,345.09,-36.78,4,0
2026-09-28T07:44:29.455270+00:00,340606.0,rsi,-,0.0,350.0,350.0,-31.87,0,0
2026-09-28T07:44:29.455270+00:00,340606.0,bollinger,-,0.0,350.0,350.0,-31.87,0,0
2026-09-28T07:44:29.455270+00:00,340606.0,dip,-,0.0,350.0,350.0,-31.87,0,0
2026-09-28T16:03:18.925808+00:00,342101.0,buyhold,-,0.00112509,0.0,383.55,0.0,1,0
2026-09-28T16:03:18.925808+00:00,342101.0,rebalance,-,0.00056255,175.0,366.77,-16.77,1,0
2026-09-28T16:03:18.925808+00:00,342101.0,grid,-,0.0,350.06,350.06,-33.48,2,0
2026-09-28T16:03:18.925808+00:00,342101.0,grid_stop,-,0.0,350.06,350.06,-33.48,2,0
2026-09-28T16:03:18.925808+00:00,342101.0,donchian,-,0.0,354.93,354.93,-28.61,4,0
2026-09-28T16:03:18.925808+00:00,342101.0,macross,-,0.00108606,0.0,370.24,-13.3,3,0
2026-09-28T16:03:18.925808+00:00,342101.0,macd,-,0.0,345.09,345.09,-38.46,4,0
2026-09-28T16:03:18.925808+00:00,342101.0,rsi,-,0.0,350.0,350.0,-33.55,0,0
2026-09-28T16:03:18.925808+00:00,342101.0,bollinger,-,0.0,350.0,350.0,-33.55,0,0
2026-09-28T16:03:18.925808+00:00,342101.0,dip,-,0.0,350.0,350.0,-33.55,0,0
2026-09-28T21:55:10.543112+00:00,341451.0,buyhold,-,0.00112509,0.0,382.82,0.0,1,0
2026-09-28T21:55:10.543112+00:00,341451.0,rebalance,-,0.00056255,175.0,366.41,-16.41,1,0
2026-09-28T21:55:10.543112+00:00,341451.0,grid,-,0.0,350.06,350.06,-32.75,2,0
2026-09-28T21:55:10.543112+00:00,341451.0,grid_stop,-,0.0,350.06,350.06,-32.75,2,0
2026-09-28T21:55:10.543112+00:00,341451.0,donchian,-,0.0,354.93,354.93,-27.89,4,0
2026-09-28T21:55:10.543112+00:00,341451.0,macross,TINDAKAN,0.0,369.54,369.54,-13.28,4,0
2026-09-28T21:55:10.543112+00:00,341451.0,macd,-,0.0,345.09,345.09,-37.73,4,0
2026-09-28T21:55:10.543112+00:00,341451.0,rsi,-,0.0,350.0,350.0,-32.82,0,0
2026-09-28T21:55:10.543112+00:00,341451.0,bollinger,-,0.0,350.0,350.0,-32.82,0,0
2026-09-28T21:55:10.543112+00:00,341451.0,dip,-,0.0,350.0,350.0,-32.82,0,0
2026-09-29T01:28:29.437612+00:00,339394.0,buyhold,-,0.00112509,0.0,380.51,0.0,1,0
2026-09-29T01:28:29.437612+00:00,339394.0,rebalance,-,0.00056255,175.0,365.26,-15.26,1,0
2026-09-29T01:28:29.437612+00:00,339394.0,grid,-,0.0,350.06,350.06,-30.45,2,0
2026-09-29T01:28:29.437612+00:00,339394.0,grid_stop,-,0.0,350.06,350.06,-30.45,2,0
2026-09-29T01:28:29.437612+00:00,339394.0,donchian,-,0.0,354.93,354.93,-25.58,4,0
2026-09-29T01:28:29.437612+00:00,339394.0,macross,-,0.0,369.54,369.54,-10.97,4,0
2026-09-29T01:28:29.437612+00:00,339394.0,macd,-,0.0,345.09,345.09,-35.43,4,0
2026-09-29T01:28:29.437612+00:00,339394.0,rsi,-,0.0,350.0,350.0,-30.51,0,0
2026-09-29T01:28:29.437612+00:00,339394.0,bollinger,TINDAKAN,0.00102764,0.0,347.55,-32.96,1,0
2026-09-29T01:28:29.437612+00:00,339394.0,dip,-,0.0,350.0,350.0,-30.51,0,0
2026-09-29T07:25:11.568484+00:00,343160.0,buyhold,-,0.00112509,0.0,384.74,0.0,1,0
2026-09-29T07:25:11.568484+00:00,343160.0,rebalance,-,0.00056255,175.0,367.37,-17.37,1,0
2026-09-29T07:25:11.568484+00:00,343160.0,grid,-,0.0,350.06,350.06,-34.67,2,0
2026-09-29T07:25:11.568484+00:00,343160.0,grid_stop,-,0.0,350.06,350.06,-34.67,2,0
2026-09-29T07:25:11.568484+00:00,343160.0,donchian,-,0.0,354.93,354.93,-29.8,4,0
2026-09-29T07:25:11.568484+00:00,343160.0,macross,-,0.0,369.54,369.54,-15.2,4,0
2026-09-29T07:25:11.568484+00:00,343160.0,macd,-,0.0,345.09,345.09,-39.65,4,0
2026-09-29T07:25:11.568484+00:00,343160.0,rsi,-,0.0,350.0,350.0,-34.74,0,0
2026-09-29T07:25:11.568484+00:00,343160.0,bollinger,-,0.00102764,0.0,351.41,-33.32,1,0
2026-09-29T07:25:11.568484+00:00,343160.0,dip,-,0.0,350.0,350.0,-34.74,0,0
2026-09-29T14:13:52.307275+00:00,343500.0,buyhold,-,0.00112509,0.0,385.12,0.0,1,0
2026-09-29T14:13:52.307275+00:00,343500.0,rebalance,-,0.00056255,175.0,367.56,-17.56,1,0
2026-09-29T14:13:52.307275+00:00,343500.0,grid,-,0.0,350.06,350.06,-35.05,2,0
2026-09-29T14:13:52.307275+00:00,343500.0,grid_stop,-,0.0,350.06,350.06,-35.05,2,0
2026-09-29T14:13:52.307275+00:00,343500.0,donchian,-,0.0,354.93,354.93,-30.18,4,0
2026-09-29T14:13:52.307275+00:00,343500.0,macross,-,0.0,369.54,369.54,-15.58,4,0
2026-09-29T14:13:52.307275+00:00,343500.0,macd,-,0.0,345.09,345.09,-40.03,4,0
2026-09-29T14:13:52.307275+00:00,343500.0,rsi,-,0.0,350.0,350.0,-35.12,0,0
2026-09-29T14:13:52.307275+00:00,343500.0,bollinger,-,0.00102764,0.0,351.76,-33.36,1,0
2026-09-29T14:13:52.307275+00:00,343500.0,dip,-,0.0,350.0,350.0,-35.12,0,0
2026-09-29T19:27:28.363981+00:00,342439.0,buyhold,-,0.00112509,0.0,383.93,0.0,1,0
2026-09-29T19:27:28.363981+00:00,342439.0,rebalance,-,0.00056255,175.0,366.96,-16.96,1,0
2026-09-29T19:27:28.363981+00:00,342439.0,grid,-,0.0,350.06,350.06,-33.86,2,0
2026-09-29T19:27:28.363981+00:00,342439.0,grid_stop,-,0.0,350.06,350.06,-33.86,2,0
2026-09-29T19:27:28.363981+00:00,342439.0,donchian,-,0.0,354.93,354.93,-28.99,4,0
2026-09-29T19:27:28.363981+00:00,342439.0,macross,-,0.0,369.54,369.54,-14.39,4,0
2026-09-29T19:27:28.363981+00:00,342439.0,macd,-,0.0,345.09,345.09,-38.84,4,0
2026-09-29T19:27:28.363981+00:00,342439.0,rsi,-,0.0,350.0,350.0,-33.93,0,0
2026-09-29T19:27:28.363981+00:00,342439.0,bollinger,-,0.00102764,0.0,350.67,-33.25,1,0
2026-09-29T19:27:28.363981+00:00,342439.0,dip,-,0.0,350.0,350.0,-33.93,0,0
2026-09-29T23:07:11.014388+00:00,342999.0,buyhold,-,0.00112509,0.0,384.55,0.0,1,0
2026-09-29T23:07:11.014388+00:00,342999.0,rebalance,-,0.00056255,175.0,367.28,-17.28,1,0
2026-09-29T23:07:11.014388+00:00,342999.0,grid,-,0.0,350.06,350.06,-34.49,2,0
2026-09-29T23:07:11.014388+00:00,342999.0,grid_stop,-,0.0,350.06,350.06,-34.49,2,0
2026-09-29T23:07:11.014388+00:00,342999.0,donchian,-,0.0,354.93,354.93,-29.62,4,0
2026-09-29T23:07:11.014388+00:00,342999.0,macross,-,0.0,369.54,369.54,-15.02,4,0
2026-09-29T23:07:11.014388+00:00,342999.0,macd,-,0.0,345.09,345.09,-39.47,4,0
2026-09-29T23:07:11.014388+00:00,342999.0,rsi,-,0.0,350.0,350.0,-34.55,0,0
2026-09-29T23:07:11.014388+00:00,342999.0,bollinger,-,0.00102764,0.0,351.25,-33.31,1,0
2026-09-29T23:07:11.014388+00:00,342999.0,dip,-,0.0,350.0,350.0,-34.55,0,0
2026-09-30T02:04:30.118067+00:00,341553.0,buyhold,-,0.00112509,0.0,382.93,0.0,1,0
2026-09-30T02:04:30.118067+00:00,341553.0,rebalance,-,0.00056255,175.0,366.47,-16.47,1,0
2026-09-30T02:04:30.118067+00:00,341553.0,grid,-,0.0,350.06,350.06,-32.87,2,0
2026-09-30T02:04:30.118067+00:00,341553.0,grid_stop,-,0.0,350.06,350.06,-32.87,2,0
2026-09-30T02:04:30.118067+00:00,341553.0,donchian,-,0.0,354.93,354.93,-28.0,4,0
2026-09-30T02:04:30.118067+00:00,341553.0,macross,-,0.0,369.54,369.54,-13.39,4,0
2026-09-30T02:04:30.118067+00:00,341553.0,macd,-,0.0,345.09,345.09,-37.85,4,0
2026-09-30T02:04:30.118067+00:00,341553.0,rsi,-,0.0,350.0,350.0,-32.93,0,0
2026-09-30T02:04:30.118067+00:00,341553.0,bollinger,-,0.00102764,0.0,349.77,-33.17,1,0
2026-09-30T02:04:30.118067+00:00,341553.0,dip,-,0.0,350.0,350.0,-32.93,0,0
2026-09-30T08:26:15.524827+00:00,341341.0,buyhold,-,0.00112509,0.0,382.7,0.0,1,0
2026-09-30T08:26:15.524827+00:00,341341.0,rebalance,-,0.00056255,175.0,366.35,-16.35,1,0
2026-09-30T08:26:15.524827+00:00,341341.0,grid,-,0.0,350.06,350.06,-32.63,2,0
2026-09-30T08:26:15.524827+00:00,341341.0,grid_stop,-,0.0,350.06,350.06,-32.63,2,0
2026-09-30T08:26:15.524827+00:00,341341.0,donchian,-,0.0,354.93,354.93,-27.76,4,0
2026-09-30T08:26:15.524827+00:00,341341.0,macross,-,0.0,369.54,369.54,-13.16,4,0
2026-09-30T08:26:15.524827+00:00,341341.0,macd,-,0.0,345.09,345.09,-37.61,4,0
2026-09-30T08:26:15.524827+00:00,341341.0,rsi,-,0.0,350.0,350.0,-32.7,0,0
2026-09-30T08:26:15.524827+00:00,341341.0,bollinger,-,0.00102764,0.0,349.55,-33.15,1,0
2026-09-30T08:26:15.524827+00:00,341341.0,dip,-,0.0,350.0,350.0,-32.7,0,0
2026-09-30T15:07:31.149735+00:00,342429.0,buyhold,-,0.00112509,0.0,383.92,0.0,1,0
2026-09-30T15:07:31.149735+00:00,342429.0,rebalance,-,0.00056255,175.0,366.96,-16.96,1,0
2026-09-30T15:07:31.149735+00:00,342429.0,grid,-,0.0,350.06,350.06,-33.85,2,0
2026-09-30T15:07:31.149735+00:00,342429.0,grid_stop,-,0.0,350.06,350.06,-33.85,2,0
2026-09-30T15:07:31.149735+00:00,342429.0,donchian,-,0.0,354.93,354.93,-28.98,4,0
2026-09-30T15:07:31.149735+00:00,342429.0,macross,-,0.0,369.54,369.54,-14.38,4,0
2026-09-30T15:07:31.149735+00:00,342429.0,macd,-,0.0,345.09,345.09,-38.83,4,0
2026-09-30T15:07:31.149735+00:00,342429.0,rsi,-,0.0,350.0,350.0,-33.92,0,0
2026-09-30T15:07:31.149735+00:00,342429.0,bollinger,-,0.00102764,0.0,350.66,-33.25,1,0
2026-09-30T15:07:31.149735+00:00,342429.0,dip,-,0.0,350.0,350.0,-33.92,0,0
2026-09-30T19:59:29.633451+00:00,342429.0,buyhold,-,0.00112509,0.0,383.92,0.0,1,0
2026-09-30T19:59:29.633451+00:00,342429.0,rebalance,-,0.00056255,175.0,366.96,-16.96,1,0
2026-09-30T19:59:29.633451+00:00,342429.0,grid,-,0.0,350.06,350.06,-33.85,2,0
2026-09-30T19:59:29.633451+00:00,342429.0,grid_stop,-,0.0,350.06,350.06,-33.85,2,0
2026-09-30T19:59:29.633451+00:00,342429.0,donchian,-,0.0,354.93,354.93,-28.98,4,0
2026-09-30T19:59:29.633451+00:00,342429.0,macross,-,0.0,369.54,369.54,-14.38,4,0
2026-09-30T19:59:29.633451+00:00,342429.0,macd,-,0.0,345.09,345.09,-38.83,4,0
2026-09-30T19:59:29.633451+00:00,342429.0,rsi,-,0.0,350.0,350.0,-33.92,0,0
2026-09-30T19:59:29.633451+00:00,342429.0,bollinger,-,0.00102764,0.0,350.66,-33.25,1,0
2026-09-30T19:59:29.633451+00:00,342429.0,dip,-,0.0,350.0,350.0,-33.92,0,0
2026-09-30T23:40:00.426037+00:00,342301.0,buyhold,-,0.00112509,0.0,383.77,0.0,1,0
2026-09-30T23:40:00.426037+00:00,342301.0,rebalance,-,0.00056255,175.0,366.89,-16.89,1,0
2026-09-30T23:40:00.426037+00:00,342301.0,grid,-,0.0,350.06,350.06,-33.71,2,0
2026-09-30T23:40:00.426037+00:00,342301.0,grid_stop,-,0.0,350.06,350.06,-33.71,2,0
2026-09-30T23:40:00.426037+00:00,342301.0,donchian,-,0.0,354.93,354.93,-28.84,4,0
2026-09-30T23:40:00.426037+00:00,342301.0,macross,-,0.0,369.54,369.54,-14.23,4,0
2026-09-30T23:40:00.426037+00:00,342301.0,macd,-,0.0,345.09,345.09,-38.68,4,0
2026-09-30T23:40:00.426037+00:00,342301.0,rsi,-,0.0,350.0,350.0,-33.77,0,0
2026-09-30T23:40:00.426037+00:00,342301.0,bollinger,-,0.00102764,0.0,350.53,-33.24,1,0
2026-09-30T23:40:00.426037+00:00,342301.0,dip,-,0.0,350.0,350.0,-33.77,0,0
2026-10-01T02:25:56.689113+00:00,342501.0,buyhold,-,0.00112509,0.0,384.0,0.0,1,0
2026-10-01T02:25:56.689113+00:00,342501.0,rebalance,-,0.00056255,175.0,367.0,-17.0,1,0
2026-10-01T02:25:56.689113+00:00,342501.0,grid,-,0.0,350.06,350.06,-33.93,2,0
2026-10-01T02:25:56.689113+00:00,342501.0,grid_stop,-,0.0,350.06,350.06,-33.93,2,0
2026-10-01T02:25:56.689113+00:00,342501.0,donchian,-,0.0,354.93,354.93,-29.06,4,0
2026-10-01T02:25:56.689113+00:00,342501.0,macross,-,0.0,369.54,369.54,-14.46,4,0
2026-10-01T02:25:56.689113+00:00,342501.0,macd,-,0.0,345.09,345.09,-38.91,4,0
2026-10-01T02:25:56.689113+00:00,342501.0,rsi,-,0.0,350.0,350.0,-34.0,0,0
2026-10-01T02:25:56.689113+00:00,342501.0,bollinger,-,0.00102764,0.0,350.74,-33.26,1,0
2026-10-01T02:25:56.689113+00:00,342501.0,dip,-,0.0,350.0,350.0,-34.0,0,0
2026-10-01T09:17:02.872900+00:00,342947.0,buyhold,-,0.00112509,0.0,384.5,0.0,1,0
2026-10-01T09:17:02.872900+00:00,342947.0,rebalance,-,0.00056255,175.0,367.25,-17.25,1,0
2026-10-01T09:17:02.872900+00:00,342947.0,grid,-,0.0,350.06,350.06,-34.43,2,0
2026-10-01T09:17:02.872900+00:00,342947.0,grid_stop,-,0.0,350.06,350.06,-34.43,2,0
2026-10-01T09:17:02.872900+00:00,342947.0,donchian,-,0.0,354.93,354.93,-29.56,4,0
2026-10-01T09:17:02.872900+00:00,342947.0,macross,-,0.0,369.54,369.54,-14.96,4,0
2026-10-01T09:17:02.872900+00:00,342947.0,macd,TINDAKAN,0.00100272,0.0,342.68,-41.82,5,0
2026-10-01T09:17:02.872900+00:00,342947.0,rsi,-,0.0,350.0,350.0,-34.5,0,0
2026-10-01T09:17:02.872900+00:00,342947.0,bollinger,-,0.00102764,0.0,351.19,-33.3,1,0
2026-10-01T09:17:02.872900+00:00,342947.0,dip,-,0.0,350.0,350.0,-34.5,0,0
2026-10-01T16:31:43.002117+00:00,345612.0,buyhold,-,0.00112509,0.0,387.48,0.0,1,0
2026-10-01T16:31:43.002117+00:00,345612.0,rebalance,-,0.00056255,175.0,368.74,-18.74,1,0
2026-10-01T16:31:43.002117+00:00,345612.0,grid,-,0.0,350.06,350.06,-37.42,2,0
2026-10-01T16:31:43.002117+00:00,345612.0,grid_stop,-,0.0,350.06,350.06,-37.42,2,0
2026-10-01T16:31:43.002117+00:00,345612.0,donchian,-,0.0,354.93,354.93,-32.55,4,0
2026-10-01T16:31:43.002117+00:00,345612.0,macross,-,0.0,369.54,369.54,-17.94,4,0
2026-10-01T16:31:43.002117+00:00,345612.0,macd,-,0.00100272,0.0,345.34,-42.15,5,0
2026-10-01T16:31:43.002117+00:00,345612.0,rsi,-,0.0,350.0,350.0,-37.48,0,0
2026-10-01T16:31:43.002117+00:00,345612.0,bollinger,-,0.00102764,0.0,353.92,-33.56,1,0
2026-10-01T16:31:43.002117+00:00,345612.0,dip,-,0.0,350.0,350.0,-37.48,0,0
2026-10-01T21:18:07.095556+00:00,346182.0,buyhold,-,0.00112509,0.0,388.12,0.0,1,0
2026-10-01T21:18:07.095556+00:00,346182.0,rebalance,-,0.00056255,175.0,369.06,-19.06,1,0
2026-10-01T21:18:07.095556+00:00,346182.0,grid,-,0.0,350.06,350.06,-38.06,2,0
2026-10-01T21:18:07.095556+00:00,346182.0,grid_stop,-,0.0,350.06,350.06,-38.06,2,0
2026-10-01T21:18:07.095556+00:00,346182.0,donchian,TINDAKAN,0.00102169,0.0,352.45,-35.67,5,0
2026-10-01T21:18:07.095556+00:00,346182.0,macross,-,0.0,369.54,369.54,-18.58,4,0
2026-10-01T21:18:07.095556+00:00,346182.0,macd,-,0.00100272,0.0,345.91,-42.21,5,0
2026-10-01T21:18:07.095556+00:00,346182.0,rsi,-,0.0,350.0,350.0,-38.12,0,0
2026-10-01T21:18:07.095556+00:00,346182.0,bollinger,TINDAKAN,0.0,354.51,354.51,-33.62,2,0
2026-10-01T21:18:07.095556+00:00,346182.0,dip,-,0.0,350.0,350.0,-38.12,0,0
2026-10-02T00:54:43.212365+00:00,346523.0,buyhold,-,0.00112509,0.0,388.51,0.0,1,0
2026-10-02T00:54:43.212365+00:00,346523.0,rebalance,-,0.00056255,175.0,369.25,-19.25,1,0
2026-10-02T00:54:43.212365+00:00,346523.0,grid,-,0.0,350.06,350.06,-38.44,2,0
2026-10-02T00:54:43.212365+00:00,346523.0,grid_stop,-,0.0,350.06,350.06,-38.44,2,0
2026-10-02T00:54:43.212365+00:00,346523.0,donchian,-,0.00102169,0.0,352.8,-35.7,5,0
2026-10-02T00:54:43.212365+00:00,346523.0,macross,TINDAKAN,0.00106269,0.0,366.96,-21.55,5,0
2026-10-02T00:54:43.212365+00:00,346523.0,macd,-,0.00100272,0.0,346.25,-42.26,5,0
2026-10-02T00:54:43.212365+00:00,346523.0,rsi,-,0.0,350.0,350.0,-38.51,0,0
2026-10-02T00:54:43.212365+00:00,346523.0,bollinger,-,0.0,354.51,354.51,-34.0,2,0
2026-10-02T00:54:43.212365+00:00,346523.0,dip,-,0.0,350.0,350.0,-38.51,0,0
2026-10-02T06:40:55.052018+00:00,349999.0,buyhold,-,0.00112509,0.0,392.4,0.0,1,0
2026-10-02T06:40:55.052018+00:00,349999.0,rebalance,-,0.00056255,175.0,371.2,-21.2,1,0
2026-10-02T06:40:55.052018+00:00,349999.0,grid,-,0.0,350.06,350.06,-42.34,2,0
2026-10-02T06:40:55.052018+00:00,349999.0,grid_stop,-,0.0,350.06,350.06,-42.34,2,0
2026-10-02T06:40:55.052018+00:00,349999.0,donchian,-,0.00102169,0.0,356.34,-36.06,5,0
2026-10-02T06:40:55.052018+00:00,349999.0,macross,-,0.00106269,0.0,370.64,-21.76,5,0
2026-10-02T06:40:55.052018+00:00,349999.0,macd,-,0.00100272,0.0,349.72,-42.68,5,0
2026-10-02T06:40:55.052018+00:00,349999.0,rsi,-,0.0,350.0,350.0,-42.4,0,0
2026-10-02T06:40:55.052018+00:00,349999.0,bollinger,-,0.0,354.51,354.51,-37.9,2,0
2026-10-02T06:40:55.052018+00:00,349999.0,dip,-,0.0,350.0,350.0,-42.4,0,0
2026-10-02T13:13:59.131683+00:00,354055.0,buyhold,-,0.00112509,0.0,396.95,0.0,1,0
2026-10-02T13:13:59.131683+00:00,354055.0,rebalance,-,0.00056255,175.0,373.48,-23.48,1,0
2026-10-02T13:13:59.131683+00:00,354055.0,grid,-,0.0,350.06,350.06,-46.89,2,0
2026-10-02T13:13:59.131683+00:00,354055.0,grid_stop,-,0.0,350.06,350.06,-46.89,2,0
2026-10-02T13:13:59.131683+00:00,354055.0,donchian,-,0.00102169,0.0,360.47,-36.48,5,0
2026-10-02T13:13:59.131683+00:00,354055.0,macross,-,0.00106269,0.0,374.93,-22.02,5,0
2026-10-02T13:13:59.131683+00:00,354055.0,macd,-,0.00100272,0.0,353.78,-43.17,5,0
2026-10-02T13:13:59.131683+00:00,354055.0,rsi,-,0.0,350.0,350.0,-46.95,0,0
2026-10-02T13:13:59.131683+00:00,354055.0,bollinger,-,0.0,354.51,354.51,-42.44,2,0
2026-10-02T13:13:59.131683+00:00,354055.0,dip,-,0.0,350.0,350.0,-46.95,0,0
2026-10-02T18:29:32.305787+00:00,346360.0,buyhold,-,0.00112509,0.0,388.32,0.0,1,0
2026-10-02T18:29:32.305787+00:00,346360.0,rebalance,-,0.00056255,175.0,369.16,-19.16,1,0
2026-10-02T18:29:32.305787+00:00,346360.0,grid,-,0.0,350.06,350.06,-38.26,2,0
2026-10-02T18:29:32.305787+00:00,346360.0,grid_stop,-,0.0,350.06,350.06,-38.26,2,0
2026-10-02T18:29:32.305787+00:00,346360.0,donchian,-,0.00102169,0.0,352.63,-35.69,5,0
2026-10-02T18:29:32.305787+00:00,346360.0,macross,-,0.00106269,0.0,366.78,-21.54,5,0
2026-10-02T18:29:32.305787+00:00,346360.0,macd,-,0.00100272,0.0,346.09,-42.24,5,0
2026-10-02T18:29:32.305787+00:00,346360.0,rsi,-,0.0,350.0,350.0,-38.32,0,0
2026-10-02T18:29:32.305787+00:00,346360.0,bollinger,-,0.0,354.51,354.51,-33.82,2,0
2026-10-02T18:29:32.305787+00:00,346360.0,dip,-,0.0,350.0,350.0,-38.32,0,0
2026-10-02T22:29:17.116871+00:00,347061.0,buyhold,-,0.00112509,0.0,389.11,0.0,1,0
2026-10-02T22:29:17.116871+00:00,347061.0,rebalance,-,0.00056255,175.0,369.55,-19.55,1,0
2026-10-02T22:29:17.116871+00:00,347061.0,grid,-,0.0,350.06,350.06,-39.04,2,0
2026-10-02T22:29:17.116871+00:00,347061.0,grid_stop,-,0.0,350.06,350.06,-39.04,2,0
2026-10-02T22:29:17.116871+00:00,347061.0,donchian,-,0.00102169,0.0,353.35,-35.76,5,0
2026-10-02T22:29:17.116871+00:00,347061.0,macross,-,0.00106269,0.0,367.53,-21.58,5,0
2026-10-02T22:29:17.116871+00:00,347061.0,macd,-,0.00100272,0.0,346.79,-42.32,5,0
2026-10-02T22:29:17.116871+00:00,347061.0,rsi,-,0.0,350.0,350.0,-39.11,0,0
2026-10-02T22:29:17.116871+00:00,347061.0,bollinger,-,0.0,354.51,354.51,-34.6,2,0
2026-10-02T22:29:17.116871+00:00,347061.0,dip,-,0.0,350.0,350.0,-39.11,0,0
2026-10-03T01:21:28.725213+00:00,347501.0,buyhold,-,0.00112509,0.0,389.6,0.0,1,0
2026-10-03T01:21:28.725213+00:00,347501.0,rebalance,-,0.00056255,175.0,369.8,-19.8,1,0
2026-10-03T01:21:28.725213+00:00,347501.0,grid,-,0.0,350.06,350.06,-39.54,2,0
2026-10-03T01:21:28.725213+00:00,347501.0,grid_stop,-,0.0,350.06,350.06,-39.54,2,0
2026-10-03T01:21:28.725213+00:00,347501.0,donchian,-,0.00102169,0.0,353.8,-35.81,5,0
2026-10-03T01:21:28.725213+00:00,347501.0,macross,-,0.00106269,0.0,367.99,-21.61,5,0
2026-10-03T01:21:28.725213+00:00,347501.0,macd,-,0.00100272,0.0,347.23,-42.38,5,0
2026-10-03T01:21:28.725213+00:00,347501.0,rsi,-,0.0,350.0,350.0,-39.6,0,0
2026-10-03T01:21:28.725213+00:00,347501.0,bollinger,-,0.0,354.51,354.51,-35.1,2,0
2026-10-03T01:21:28.725213+00:00,347501.0,dip,-,0.0,350.0,350.0,-39.6,0,0
2026-10-03T06:50:53.750293+00:00,347410.0,buyhold,-,0.00112509,0.0,389.5,0.0,1,0
2026-10-03T06:50:53.750293+00:00,347410.0,rebalance,-,0.00056255,175.0,369.75,-19.75,1,0
2026-10-03T06:50:53.750293+00:00,347410.0,grid,-,0.0,350.06,350.06,-39.44,2,0
2026-10-03T06:50:53.750293+00:00,347410.0,grid_stop,-,0.0,350.06,350.06,-39.44,2,0
2026-10-03T06:50:53.750293+00:00,347410.0,donchian,-,0.00102169,0.0,353.7,-35.8,5,0
2026-10-03T06:50:53.750293+00:00,347410.0,macross,-,0.00106269,0.0,367.9,-21.6,5,0
2026-10-03T06:50:53.750293+00:00,347410.0,macd,-,0.00100272,0.0,347.14,-42.36,5,0
2026-10-03T06:50:53.750293+00:00,347410.0,rsi,-,0.0,350.0,350.0,-39.5,0,0
2026-10-03T06:50:53.750293+00:00,347410.0,bollinger,-,0.0,354.51,354.51,-34.99,2,0
2026-10-03T06:50:53.750293+00:00,347410.0,dip,-,0.0,350.0,350.0,-39.5,0,0
2026-10-03T12:13:23.740669+00:00,348065.0,buyhold,-,0.00112509,0.0,390.23,0.0,1,0
2026-10-03T12:13:23.740669+00:00,348065.0,rebalance,-,0.00056255,175.0,370.12,-20.12,1,0
2026-10-03T12:13:23.740669+00:00,348065.0,grid,-,0.0,350.06,350.06,-40.17,2,0
2026-10-03T12:13:23.740669+00:00,348065.0,grid_stop,-,0.0,350.06,350.06,-40.17,2,0
2026-10-03T12:13:23.740669+00:00,348065.0,donchian,-,0.00102169,0.0,354.37,-35.86,5,0
2026-10-03T12:13:23.740669+00:00,348065.0,macross,-,0.00106269,0.0,368.59,-21.64,5,0
2026-10-03T12:13:23.740669+00:00,348065.0,macd,-,0.00100272,0.0,347.79,-42.44,5,0
2026-10-03T12:13:23.740669+00:00,348065.0,rsi,-,0.0,350.0,350.0,-40.23,0,0
2026-10-03T12:13:23.740669+00:00,348065.0,bollinger,-,0.0,354.51,354.51,-35.73,2,0
2026-10-03T12:13:23.740669+00:00,348065.0,dip,-,0.0,350.0,350.0,-40.23,0,0
2026-10-03T16:27:56.702914+00:00,348536.0,buyhold,-,0.00112509,0.0,390.76,0.0,1,0
2026-10-03T16:27:56.702914+00:00,348536.0,rebalance,-,0.00056255,175.0,370.38,-20.38,1,0
2026-10-03T16:27:56.702914+00:00,348536.0,grid,-,0.0,350.06,350.06,-40.7,2,0
2026-10-03T16:27:56.702914+00:00,348536.0,grid_stop,-,0.0,350.06,350.06,-40.7,2,0
2026-10-03T16:27:56.702914+00:00,348536.0,donchian,-,0.00102169,0.0,354.85,-35.91,5,0
2026-10-03T16:27:56.702914+00:00,348536.0,macross,-,0.00106269,0.0,369.09,-21.67,5,0
2026-10-03T16:27:56.702914+00:00,348536.0,macd,-,0.00100272,0.0,348.26,-42.5,5,0
2026-10-03T16:27:56.702914+00:00,348536.0,rsi,-,0.0,350.0,350.0,-40.76,0,0
2026-10-03T16:27:56.702914+00:00,348536.0,bollinger,-,0.0,354.51,354.51,-36.26,2,0
2026-10-03T16:27:56.702914+00:00,348536.0,dip,-,0.0,350.0,350.0,-40.76,0,0
2026-10-03T19:21:51.354314+00:00,348573.0,buyhold,-,0.00112509,0.0,390.8,0.0,1,0
2026-10-03T19:21:51.354314+00:00,348573.0,rebalance,-,0.00056255,175.0,370.4,-20.4,1,0
2026-10-03T19:21:51.354314+00:00,348573.0,grid,-,0.0,350.06,350.06,-40.74,2,0
2026-10-03T19:21:51.354314+00:00,348573.0,grid_stop,-,0.0,350.06,350.06,-40.74,2,0
2026-10-03T19:21:51.354314+00:00,348573.0,donchian,-,0.00102169,0.0,354.89,-35.92,5,0
2026-10-03T19:21:51.354314+00:00,348573.0,macross,-,0.00106269,0.0,369.13,-21.68,5,0
2026-10-03T19:21:51.354314+00:00,348573.0,macd,-,0.00100272,0.0,348.3,-42.51,5,0
2026-10-03T19:21:51.354314+00:00,348573.0,rsi,-,0.0,350.0,350.0,-40.8,0,0
2026-10-03T19:21:51.354314+00:00,348573.0,bollinger,-,0.0,354.51,354.51,-36.3,2,0
2026-10-03T19:21:51.354314+00:00,348573.0,dip,-,0.0,350.0,350.0,-40.8,0,0
2026-10-03T22:17:42.852956+00:00,347744.0,buyhold,-,0.00112509,0.0,389.87,0.0,1,0
2026-10-03T22:17:42.852956+00:00,347744.0,rebalance,-,0.00056255,175.0,369.94,-19.94,1,0
2026-10-03T22:17:42.852956+00:00,347744.0,grid,-,0.0,350.06,350.06,-39.81,2,0
2026-10-03T22:17:42.852956+00:00,347744.0,grid_stop,-,0.0,350.06,350.06,-39.81,2,0
2026-10-03T22:17:42.852956+00:00,347744.0,donchian,-,0.00102169,0.0,354.04,-35.83,5,0
2026-10-03T22:17:42.852956+00:00,347744.0,macross,-,0.00106269,0.0,368.25,-21.62,5,0
2026-10-03T22:17:42.852956+00:00,347744.0,macd,-,0.00100272,0.0,347.47,-42.41,5,0
2026-10-03T22:17:42.852956+00:00,347744.0,rsi,-,0.0,350.0,350.0,-39.87,0,0
2026-10-03T22:17:42.852956+00:00,347744.0,bollinger,-,0.0,354.51,354.51,-35.37,2,0
2026-10-03T22:17:42.852956+00:00,347744.0,dip,-,0.0,350.0,350.0,-39.87,0,0
2026-10-04T00:46:18.885188+00:00,348099.0,buyhold,-,0.00112509,0.0,390.27,0.0,1,0
2026-10-04T00:46:18.885188+00:00,348099.0,rebalance,-,0.00056255,175.0,370.14,-20.14,1,0
2026-10-04T00:46:18.885188+00:00,348099.0,grid,-,0.0,350.06,350.06,-40.21,2,0
2026-10-04T00:46:18.885188+00:00,348099.0,grid_stop,-,0.0,350.06,350.06,-40.21,2,0
2026-10-04T00:46:18.885188+00:00,348099.0,donchian,-,0.00102169,0.0,354.41,-35.87,5,0
2026-10-04T00:46:18.885188+00:00,348099.0,macross,-,0.00106269,0.0,368.63,-21.65,5,0
2026-10-04T00:46:18.885188+00:00,348099.0,macd,-,0.00100272,0.0,347.82,-42.45,5,0
2026-10-04T00:46:18.885188+00:00,348099.0,rsi,-,0.0,350.0,350.0,-40.27,0,0
2026-10-04T00:46:18.885188+00:00,348099.0,bollinger,-,0.0,354.51,354.51,-35.77,2,0
2026-10-04T00:46:18.885188+00:00,348099.0,dip,-,0.0,350.0,350.0,-40.27,0,0
2026-10-04T06:24:57.437725+00:00,348438.0,buyhold,-,0.00112509,0.0,390.65,0.0,1,0
2026-10-04T06:24:57.437725+00:00,348438.0,rebalance,-,0.00056255,175.0,370.33,-20.33,1,0
2026-10-04T06:24:57.437725+00:00,348438.0,grid,-,0.0,350.06,350.06,-40.59,2,0
2026-10-04T06:24:57.437725+00:00,348438.0,grid_stop,-,0.0,350.06,350.06,-40.59,2,0
2026-10-04T06:24:57.437725+00:00,348438.0,donchian,-,0.00102169,0.0,354.75,-35.9,5,0
2026-10-04T06:24:57.437725+00:00,348438.0,macross,-,0.00106269,0.0,368.99,-21.67,5,0
2026-10-04T06:24:57.437725+00:00,348438.0,macd,-,0.00100272,0.0,348.16,-42.49,5,0
2026-10-04T06:24:57.437725+00:00,348438.0,rsi,-,0.0,350.0,350.0,-40.65,0,0
2026-10-04T06:24:57.437725+00:00,348438.0,bollinger,-,0.0,354.51,354.51,-36.15,2,0
2026-10-04T06:24:57.437725+00:00,348438.0,dip,-,0.0,350.0,350.0,-40.65,0,0
2026-10-04T12:43:19.769869+00:00,348790.0,buyhold,-,0.00112509,0.0,391.05,0.0,1,0
2026-10-04T12:43:19.769869+00:00,348790.0,rebalance,-,0.00056255,175.0,370.52,-20.52,1,0
2026-10-04T12:43:19.769869+00:00,348790.0,grid,-,0.0,350.06,350.06,-40.98,2,0
2026-10-04T12:43:19.769869+00:00,348790.0,grid_stop,-,0.0,350.06,350.06,-40.98,2,0
2026-10-04T12:43:19.769869+00:00,348790.0,donchian,-,0.00102169,0.0,355.11,-35.94,5,0
2026-10-04T12:43:19.769869+00:00,348790.0,macross,-,0.00106269,0.0,369.36,-21.69,5,0
2026-10-04T12:43:19.769869+00:00,348790.0,macd,TINDAKAN,0.0,348.51,348.51,-42.53,6,0
2026-10-04T12:43:19.769869+00:00,348790.0,rsi,-,0.0,350.0,350.0,-41.05,0,0
2026-10-04T12:43:19.769869+00:00,348790.0,bollinger,-,0.0,354.51,354.51,-36.54,2,0
2026-10-04T12:43:19.769869+00:00,348790.0,dip,-,0.0,350.0,350.0,-41.05,0,0
2026-10-04T17:04:54.925696+00:00,348898.0,buyhold,-,0.00112509,0.0,391.17,0.0,1,0
2026-10-04T17:04:54.925696+00:00,348898.0,rebalance,-,0.00056255,175.0,370.58,-20.58,1,0
2026-10-04T17:04:54.925696+00:00,348898.0,grid,-,0.0,350.06,350.06,-41.1,2,0
2026-10-04T17:04:54.925696+00:00,348898.0,grid_stop,-,0.0,350.06,350.06,-41.1,2,0
2026-10-04T17:04:54.925696+00:00,348898.0,donchian,-,0.00102169,0.0,355.22,-35.95,5,0
2026-10-04T17:04:54.925696+00:00,348898.0,macross,-,0.00106269,0.0,369.47,-21.7,5,0
2026-10-04T17:04:54.925696+00:00,348898.0,macd,-,0.0,348.51,348.51,-42.65,6,0
2026-10-04T17:04:54.925696+00:00,348898.0,rsi,-,0.0,350.0,350.0,-41.17,0,0
2026-10-04T17:04:54.925696+00:00,348898.0,bollinger,-,0.0,354.51,354.51,-36.66,2,0
2026-10-04T17:04:54.925696+00:00,348898.0,dip,-,0.0,350.0,350.0,-41.17,0,0
2026-10-04T20:07:30.314154+00:00,348924.0,buyhold,-,0.00112509,0.0,391.2,0.0,1,0
2026-10-04T20:07:30.314154+00:00,348924.0,rebalance,-,0.00056255,175.0,370.6,-20.6,1,0
2026-10-04T20:07:30.314154+00:00,348924.0,grid,-,0.0,350.06,350.06,-41.13,2,0
2026-10-04T20:07:30.314154+00:00,348924.0,grid_stop,-,0.0,350.06,350.06,-41.13,2,0
2026-10-04T20:07:30.314154+00:00,348924.0,donchian,-,0.00102169,0.0,355.25,-35.95,5,0
2026-10-04T20:07:30.314154+00:00,348924.0,macross,-,0.00106269,0.0,369.5,-21.7,5,0
2026-10-04T20:07:30.314154+00:00,348924.0,macd,-,0.0,348.51,348.51,-42.68,6,0
2026-10-04T20:07:30.314154+00:00,348924.0,rsi,-,0.0,350.0,350.0,-41.2,0,0
2026-10-04T20:07:30.314154+00:00,348924.0,bollinger,-,0.0,354.51,354.51,-36.69,2,0
2026-10-04T20:07:30.314154+00:00,348924.0,dip,-,0.0,350.0,350.0,-41.2,0,0
2026-10-04T23:05:16.333532+00:00,352500.0,buyhold,-,0.00112509,0.0,395.21,0.0,1,0
2026-10-04T23:05:16.333532+00:00,352500.0,rebalance,-,0.00056255,175.0,372.6,-22.6,1,0
2026-10-04T23:05:16.333532+00:00,352500.0,grid,-,0.0,350.06,350.06,-45.14,2,0
2026-10-04T23:05:16.333532+00:00,352500.0,grid_stop,-,0.0,350.06,350.06,-45.14,2,0
2026-10-04T23:05:16.333532+00:00,352500.0,donchian,-,0.00102169,0.0,358.89,-36.32,5,0
2026-10-04T23:05:16.333532+00:00,352500.0,macross,-,0.00106269,0.0,373.29,-21.92,5,0
2026-10-04T23:05:16.333532+00:00,352500.0,macd,TINDAKAN,0.00098523,0.0,346.08,-49.13,7,0
2026-10-04T23:05:16.333532+00:00,352500.0,rsi,-,0.0,350.0,350.0,-45.21,0,0
2026-10-04T23:05:16.333532+00:00,352500.0,bollinger,-,0.0,354.51,354.51,-40.7,2,0
2026-10-04T23:05:16.333532+00:00,352500.0,dip,-,0.0,350.0,350.0,-45.21,0,0
2026-10-05T01:55:07.139157+00:00,353592.0,buyhold,-,0.00112509,0.0,396.43,0.0,1,0
2026-10-05T01:55:07.139157+00:00,353592.0,rebalance,-,0.00056255,175.0,373.22,-23.22,1,0
2026-10-05T01:55:07.139157+00:00,353592.0,grid,-,0.0,350.06,350.06,-46.37,2,0
2026-10-05T01:55:07.139157+00:00,353592.0,grid_stop,-,0.0,350.06,350.06,-46.37,2,0
2026-10-05T01:55:07.139157+00:00,353592.0,donchian,-,0.00102169,0.0,360.0,-36.43,5,0
2026-10-05T01:55:07.139157+00:00,353592.0,macross,-,0.00106269,0.0,374.44,-21.99,5,0
2026-10-05T01:55:07.139157+00:00,353592.0,macd,-,0.00098523,0.0,347.15,-49.28,7,0
2026-10-05T01:55:07.139157+00:00,353592.0,rsi,-,0.0,350.0,350.0,-46.43,0,0
2026-10-05T01:55:07.139157+00:00,353592.0,bollinger,-,0.0,354.51,354.51,-41.93,2,0
2026-10-05T01:55:07.139157+00:00,353592.0,dip,-,0.0,350.0,350.0,-46.43,0,0
2026-10-05T08:20:11.822777+00:00,353205.0,buyhold,-,0.00112509,0.0,396.0,0.0,1,0
2026-10-05T08:20:11.822777+00:00,353205.0,rebalance,-,0.00056255,175.0,373.0,-23.0,1,0
2026-10-05T08:20:11.822777+00:00,353205.0,grid,-,0.0,350.06,350.06,-45.93,2,0
2026-10-05T08:20:11.822777+00:00,353205.0,grid_stop,-,0.0,350.06,350.06,-45.93,2,0
2026-10-05T08:20:11.822777+00:00,353205.0,donchian,-,0.00102169,0.0,359.6,-36.39,5,0
2026-10-05T08:20:11.822777+00:00,353205.0,macross,-,0.00106269,0.0,374.03,-21.96,5,0
2026-10-05T08:20:11.822777+00:00,353205.0,macd,-,0.00098523,0.0,346.77,-49.23,7,0
2026-10-05T08:20:11.822777+00:00,353205.0,rsi,-,0.0,350.0,350.0,-46.0,0,0
2026-10-05T08:20:11.822777+00:00,353205.0,bollinger,-,0.0,354.51,354.51,-41.49,2,0
2026-10-05T08:20:11.822777+00:00,353205.0,dip,-,0.0,350.0,350.0,-46.0,0,0
2026-10-05T17:17:13.874227+00:00,349469.0,buyhold,-,0.00112509,0.0,391.81,0.0,1,0
2026-10-05T17:17:13.874227+00:00,349469.0,rebalance,-,0.00056255,175.0,370.9,-20.9,1,0
2026-10-05T17:17:13.874227+00:00,349469.0,grid,-,0.0,350.06,350.06,-41.74,2,0
2026-10-05T17:17:13.874227+00:00,349469.0,grid_stop,-,0.0,350.06,350.06,-41.74,2,0
2026-10-05T17:17:13.874227+00:00,349469.0,donchian,-,0.00102169,0.0,355.8,-36.01,5,0
2026-10-05T17:17:13.874227+00:00,349469.0,macross,-,0.00106269,0.0,370.08,-21.73,5,0
2026-10-05T17:17:13.874227+00:00,349469.0,macd,-,0.00098523,0.0,343.1,-48.71,7,0
2026-10-05T17:17:13.874227+00:00,349469.0,rsi,-,0.0,350.0,350.0,-41.81,0,0
2026-10-05T17:17:13.874227+00:00,349469.0,bollinger,-,0.0,354.51,354.51,-37.3,2,0
2026-10-05T17:17:13.874227+00:00,349469.0,dip,-,0.0,350.0,350.0,-41.81,0,0
2026-10-05T23:12:43.840009+00:00,351713.0,buyhold,-,0.00112509,0.0,394.32,0.0,1,0
2026-10-05T23:12:43.840009+00:00,351713.0,rebalance,-,0.00056255,175.0,372.16,-22.16,1,0
2026-10-05T23:12:43.840009+00:00,351713.0,grid,-,0.0,350.06,350.06,-44.26,2,0
2026-10-05T23:12:43.840009+00:00,351713.0,grid_stop,-,0.0,350.06,350.06,-44.26,2,0
2026-10-05T23:12:43.840009+00:00,351713.0,donchian,-,0.00102169,0.0,358.08,-36.24,5,0
2026-10-05T23:12:43.840009+00:00,351713.0,macross,-,0.00106269,0.0,372.45,-21.87,5,0
2026-10-05T23:12:43.840009+00:00,351713.0,macd,-,0.00098523,0.0,345.31,-49.02,7,0
2026-10-05T23:12:43.840009+00:00,351713.0,rsi,-,0.0,350.0,350.0,-44.32,0,0
2026-10-05T23:12:43.840009+00:00,351713.0,bollinger,-,0.0,354.51,354.51,-39.82,2,0
2026-10-05T23:12:43.840009+00:00,351713.0,dip,-,0.0,350.0,350.0,-44.32,0,0
2026-10-06T03:04:57.880226+00:00,350425.0,buyhold,-,0.00112509,0.0,392.88,0.0,1,0
2026-10-06T03:04:57.880226+00:00,350425.0,rebalance,-,0.00056255,175.0,371.44,-21.44,1,0
2026-10-06T03:04:57.880226+00:00,350425.0,grid,-,0.0,350.06,350.06,-42.82,2,0
2026-10-06T03:04:57.880226+00:00,350425.0,grid_stop,-,0.0,350.06,350.06,-42.82,2,0
2026-10-06T03:04:57.880226+00:00,350425.0,donchian,-,0.00102169,0.0,356.77,-36.11,5,0
2026-10-06T03:04:57.880226+00:00,350425.0,macross,-,0.00106269,0.0,371.09,-21.79,5,0
2026-10-06T03:04:57.880226+00:00,350425.0,macd,-,0.00098523,0.0,344.04,-48.84,7,0
2026-10-06T03:04:57.880226+00:00,350425.0,rsi,-,0.0,350.0,350.0,-42.88,0,0
2026-10-06T03:04:57.880226+00:00,350425.0,bollinger,-,0.0,354.51,354.51,-38.37,2,0
2026-10-06T03:04:57.880226+00:00,350425.0,dip,-,0.0,350.0,350.0,-42.88,0,0
2026-10-06T10:09:34.453882+00:00,351830.0,buyhold,-,0.00112509,0.0,394.46,0.0,1,0
2026-10-06T10:09:34.453882+00:00,351830.0,rebalance,-,0.00056255,175.0,372.23,-22.23,1,0
2026-10-06T10:09:34.453882+00:00,351830.0,grid,-,0.0,350.06,350.06,-44.39,2,0
2026-10-06T10:09:34.453882+00:00,351830.0,grid_stop,-,0.0,350.06,350.06,-44.39,2,0
2026-10-06T10:09:34.453882+00:00,351830.0,donchian,-,0.00102169,0.0,358.2,-36.25,5,0
2026-10-06T10:09:34.453882+00:00,351830.0,macross,-,0.00106269,0.0,372.58,-21.88,5,0
2026-10-06T10:09:34.453882+00:00,351830.0,macd,-,0.00098523,0.0,345.42,-49.03,7,0
2026-10-06T10:09:34.453882+00:00,351830.0,rsi,-,0.0,350.0,350.0,-44.46,0,0
2026-10-06T10:09:34.453882+00:00,351830.0,bollinger,-,0.0,354.51,354.51,-39.95,2,0
2026-10-06T10:09:34.453882+00:00,351830.0,dip,-,0.0,350.0,350.0,-44.46,0,0
2026-10-06T16:48:05.615755+00:00,350902.0,buyhold,-,0.00112509,0.0,393.42,0.0,1,0
2026-10-06T16:48:05.615755+00:00,350902.0,rebalance,-,0.00056255,175.0,371.71,-21.71,1,0
2026-10-06T16:48:05.615755+00:00,350902.0,grid,-,0.0,350.06,350.06,-43.35,2,0
2026-10-06T16:48:05.615755+00:00,350902.0,grid_stop,-,0.0,350.06,350.06,-43.35,2,0
2026-10-06T16:48:05.615755+00:00,350902.0,donchian,-,0.00102169,0.0,357.26,-36.16,5,0
2026-10-06T16:48:05.615755+00:00,350902.0,macross,-,0.00106269,0.0,371.59,-21.82,5,0
2026-10-06T16:48:05.615755+00:00,350902.0,macd,TINDAKAN,0.0,344.51,344.51,-48.9,8,0
2026-10-06T16:48:05.615755+00:00,350902.0,rsi,-,0.0,350.0,350.0,-43.42,0,0
2026-10-06T16:48:05.615755+00:00,350902.0,bollinger,-,0.0,354.51,354.51,-38.91,2,0
2026-10-06T16:48:05.615755+00:00,350902.0,dip,-,0.0,350.0,350.0,-43.42,0,0
2026-10-06T21:17:58.853951+00:00,350926.0,buyhold,-,0.00112509,0.0,393.44,0.0,1,0
2026-10-06T21:17:58.853951+00:00,350926.0,rebalance,-,0.00056255,175.0,371.72,-21.72,1,0
2026-10-06T21:17:58.853951+00:00,350926.0,grid,-,0.0,350.06,350.06,-43.38,2,0
2026-10-06T21:17:58.853951+00:00,350926.0,grid_stop,-,0.0,350.06,350.06,-43.38,2,0
2026-10-06T21:17:58.853951+00:00,350926.0,donchian,-,0.00102169,0.0,357.28,-36.16,5,0
2026-10-06T21:17:58.853951+00:00,350926.0,macross,-,0.00106269,0.0,371.62,-21.82,5,0
2026-10-06T21:17:58.853951+00:00,350926.0,macd,-,0.0,344.51,344.51,-48.93,8,0
2026-10-06T21:17:58.853951+00:00,350926.0,rsi,-,0.0,350.0,350.0,-43.44,0,0
2026-10-06T21:17:58.853951+00:00,350926.0,bollinger,-,0.0,354.51,354.51,-38.94,2,0
2026-10-06T21:17:58.853951+00:00,350926.0,dip,-,0.0,350.0,350.0,-43.44,0,0
2026-10-07T00:49:10.599857+00:00,350941.0,buyhold,-,0.00112509,0.0,393.46,0.0,1,0
2026-10-07T00:49:10.599857+00:00,350941.0,rebalance,-,0.00056255,175.0,371.73,-21.73,1,0
2026-10-07T00:49:10.599857+00:00,350941.0,grid,-,0.0,350.06,350.06,-43.39,2,0
2026-10-07T00:49:10.599857+00:00,350941.0,grid_stop,-,0.0,350.06,350.06,-43.39,2,0
2026-10-07T00:49:10.599857+00:00,350941.0,donchian,-,0.00102169,0.0,357.3,-36.16,5,0
2026-10-07T00:49:10.599857+00:00,350941.0,macross,-,0.00106269,0.0,371.64,-21.82,5,0
2026-10-07T00:49:10.599857+00:00,350941.0,macd,-,0.0,344.51,344.51,-48.95,8,0
2026-10-07T00:49:10.599857+00:00,350941.0,rsi,-,0.0,350.0,350.0,-43.46,0,0
2026-10-07T00:49:10.599857+00:00,350941.0,bollinger,-,0.0,354.51,354.51,-38.95,2,0
2026-10-07T00:49:10.599857+00:00,350941.0,dip,-,0.0,350.0,350.0,-43.46,0,0
2026-10-07T06:36:30.254069+00:00,346838.0,buyhold,-,0.00112509,0.0,388.86,0.0,1,0
2026-10-07T06:36:30.254069+00:00,346838.0,rebalance,-,0.00056255,175.0,369.43,-19.43,1,0
2026-10-07T06:36:30.254069+00:00,346838.0,grid,-,0.0,350.06,350.06,-38.79,2,0
2026-10-07T06:36:30.254069+00:00,346838.0,grid_stop,-,0.0,350.06,350.06,-38.79,2,0
2026-10-07T06:36:30.254069+00:00,346838.0,donchian,TINDAKAN,0.0,353.12,353.12,-35.74,6,0
2026-10-07T06:36:30.254069+00:00,346838.0,macross,-,0.00106269,0.0,367.29,-21.57,5,0
2026-10-07T06:36:30.254069+00:00,346838.0,macd,-,0.0,344.51,344.51,-44.35,8,0
2026-10-07T06:36:30.254069+00:00,346838.0,rsi,-,0.0,350.0,350.0,-38.86,0,0
2026-10-07T06:36:30.254069+00:00,346838.0,bollinger,-,0.0,354.51,354.51,-34.35,2,0
2026-10-07T06:36:30.254069+00:00,346838.0,dip,-,0.0,350.0,350.0,-38.86,0,0
2026-10-07T13:53:33.339974+00:00,342120.0,buyhold,-,0.00112509,0.0,383.57,0.0,1,0
2026-10-07T13:53:33.339974+00:00,342120.0,rebalance,-,0.00056255,175.0,366.78,-16.78,1,0
2026-10-07T13:53:33.339974+00:00,342120.0,grid,-,0.0,350.06,350.06,-33.5,2,0
2026-10-07T13:53:33.339974+00:00,342120.0,grid_stop,-,0.0,350.06,350.06,-33.5,2,0
2026-10-07T13:53:33.339974+00:00,342120.0,donchian,-,0.0,353.12,353.12,-30.45,6,0
2026-10-07T13:53:33.339974+00:00,342120.0,macross,-,0.00106269,0.0,362.29,-21.27,5,0
2026-10-07T13:53:33.339974+00:00,342120.0,macd,-,0.0,344.51,344.51,-39.06,8,0
2026-10-07T13:53:33.339974+00:00,342120.0,rsi,-,0.0,350.0,350.0,-33.57,0,0
2026-10-07T13:53:33.339974+00:00,342120.0,bollinger,TINDAKAN,0.00103258,0.0,352.03,-31.54,3,0
2026-10-07T13:53:33.339974+00:00,342120.0,dip,-,0.0,350.0,350.0,-33.57,0,0
2026-10-07T19:43:44.774656+00:00,343420.0,buyhold,-,0.00112509,0.0,385.03,0.0,1,0
2026-10-07T19:43:44.774656+00:00,343420.0,rebalance,-,0.00056255,175.0,367.51,-17.51,1,0
2026-10-07T19:43:44.774656+00:00,343420.0,grid,-,0.0,350.06,350.06,-34.96,2,0
2026-10-07T19:43:44.774656+00:00,343420.0,grid_stop,-,0.0,350.06,350.06,-34.96,2,0
2026-10-07T19:43:44.774656+00:00,343420.0,donchian,-,0.0,353.12,353.12,-31.9,6,0
2026-10-07T19:43:44.774656+00:00,343420.0,macross,TINDAKAN,0.0,363.67,363.67,-21.36,6,0
2026-10-07T19:43:44.774656+00:00,343420.0,macd,-,0.0,344.51,344.51,-40.52,8,0
2026-10-07T19:43:44.774656+00:00,343420.0,rsi,-,0.0,350.0,350.0,-35.03,0,0
2026-10-07T19:43:44.774656+00:00,343420.0,bollinger,-,0.00103258,0.0,353.37,-31.66,3,0
2026-10-07T19:43:44.774656+00:00,343420.0,dip,-,0.0,350.0,350.0,-35.03,0,0
2026-10-07T23:52:29.912999+00:00,342999.0,buyhold,-,0.00112509,0.0,384.55,0.0,1,0
2026-10-07T23:52:29.912999+00:00,342999.0,rebalance,-,0.00056255,175.0,367.28,-17.28,1,0
2026-10-07T23:52:29.912999+00:00,342999.0,grid,-,0.0,350.06,350.06,-34.49,2,0
2026-10-07T23:52:29.912999+00:00,342999.0,grid_stop,-,0.0,350.06,350.06,-34.49,2,0
2026-10-07T23:52:29.912999+00:00,342999.0,donchian,-,0.0,353.12,353.12,-31.43,6,0
2026-10-07T23:52:29.912999+00:00,342999.0,macross,-,0.0,363.67,363.67,-20.88,6,0
2026-10-07T23:52:29.912999+00:00,342999.0,macd,-,0.0,344.51,344.51,-40.04,8,0
2026-10-07T23:52:29.912999+00:00,342999.0,rsi,-,0.0,350.0,350.0,-34.55,0,0
2026-10-07T23:52:29.912999+00:00,342999.0,bollinger,-,0.00103258,0.0,352.93,-31.62,3,0
2026-10-07T23:52:29.912999+00:00,342999.0,dip,-,0.0,350.0,350.0,-34.55,0,0
2026-10-08T04:31:53.759562+00:00,340286.0,buyhold,-,0.00112509,0.0,381.51,0.0,1,0
2026-10-08T04:31:53.759562+00:00,340286.0,rebalance,-,0.00056255,175.0,365.76,-15.76,1,0
2026-10-08T04:31:53.759562+00:00,340286.0,grid,-,0.0,350.06,350.06,-31.45,2,0
2026-10-08T04:31:53.759562+00:00,340286.0,grid_stop,-,0.0,350.06,350.06,-31.45,2,0
2026-10-08T04:31:53.759562+00:00,340286.0,donchian,-,0.0,353.12,353.12,-28.39,6,0
2026-10-08T04:31:53.759562+00:00,340286.0,macross,-,0.0,363.67,363.67,-17.84,6,0
2026-10-08T04:31:53.759562+00:00,340286.0,macd,-,0.0,344.51,344.51,-37.0,8,0
2026-10-08T04:31:53.759562+00:00,340286.0,rsi,-,0.0,350.0,350.0,-31.51,0,0
2026-10-08T04:31:53.759562+00:00,340286.0,bollinger,-,0.00103258,0.0,350.14,-31.37,3,0
2026-10-08T04:31:53.759562+00:00,340286.0,dip,-,0.0,350.0,350.0,-31.51,0,0
2026-10-08T11:35:31.499525+00:00,339801.0,buyhold,-,0.00112509,0.0,380.97,0.0,1,0
2026-10-08T11:35:31.499525+00:00,339801.0,rebalance,-,0.00056255,175.0,365.48,-15.48,1,0
2026-10-08T11:35:31.499525+00:00,339801.0,grid,-,0.0,350.06,350.06,-30.9,2,0
2026-10-08T11:35:31.499525+00:00,339801.0,grid_stop,-,0.0,350.06,350.06,-30.9,2,0
2026-10-08T11:35:31.499525+00:00,339801.0,donchian,-,0.0,353.12,353.12,-27.85,6,0
2026-10-08T11:35:31.499525+00:00,339801.0,macross,-,0.0,363.67,363.67,-17.3,6,0
2026-10-08T11:35:31.499525+00:00,339801.0,macd,-,0.0,344.51,344.51,-36.46,8,0
2026-10-08T11:35:31.499525+00:00,339801.0,rsi,-,0.0,350.0,350.0,-30.97,0,0
2026-10-08T11:35:31.499525+00:00,339801.0,bollinger,-,0.00103258,0.0,349.64,-31.33,3,0
2026-10-08T11:35:31.499525+00:00,339801.0,dip,-,0.0,350.0,350.0,-30.97,0,0
2026-10-08T17:59:01.610179+00:00,333251.0,buyhold,-,0.00112509,0.0,373.63,0.0,1,0
2026-10-08T17:59:01.610179+00:00,333251.0,rebalance,-,0.00056255,175.0,361.81,-11.81,1,0
2026-10-08T17:59:01.610179+00:00,333251.0,grid,-,0.0,350.06,350.06,-23.56,2,0
2026-10-08T17:59:01.610179+00:00,333251.0,grid_stop,-,0.0,350.06,350.06,-23.56,2,0
2026-10-08T17:59:01.610179+00:00,333251.0,donchian,-,0.0,353.12,353.12,-20.5,6,0
2026-10-08T17:59:01.610179+00:00,333251.0,macross,-,0.0,363.67,363.67,-9.95,6,0
2026-10-08T17:59:01.610179+00:00,333251.0,macd,-,0.0,344.51,344.51,-29.12,8,0
2026-10-08T17:59:01.610179+00:00,333251.0,rsi,TINDAKAN,0.00104658,0.0,347.55,-26.07,1,0
2026-10-08T17:59:01.610179+00:00,333251.0,bollinger,-,0.00103258,0.0,342.9,-30.72,3,0
2026-10-08T17:59:01.610179+00:00,333251.0,dip,-,0.0,350.0,350.0,-23.63,0,0
2026-10-08T23:14:54.288150+00:00,336901.0,buyhold,-,0.00112509,0.0,377.72,0.0,1,0
2026-10-08T23:14:54.288150+00:00,336901.0,rebalance,-,0.00056255,175.0,363.86,-13.86,1,0
2026-10-08T23:14:54.288150+00:00,336901.0,grid,-,0.0,350.06,350.06,-27.65,2,0
2026-10-08T23:14:54.288150+00:00,336901.0,grid_stop,-,0.0,350.06,350.06,-27.65,2,0
2026-10-08T23:14:54.288150+00:00,336901.0,donchian,-,0.0,353.12,353.12,-24.6,6,0
2026-10-08T23:14:54.288150+00:00,336901.0,macross,-,0.0,363.67,363.67,-14.05,6,0
2026-10-08T23:14:54.288150+00:00,336901.0,macd,-,0.0,344.51,344.51,-33.21,8,0
2026-10-08T23:14:54.288150+00:00,336901.0,rsi,-,0.00104658,0.0,351.36,-26.36,1,0
2026-10-08T23:14:54.288150+00:00,336901.0,bollinger,-,0.00103258,0.0,346.66,-31.06,3,0
2026-10-08T23:14:54.288150+00:00,336901.0,dip,-,0.0,350.0,350.0,-27.72,0,0
2026-10-09T02:58:16.056694+00:00,336901.0,buyhold,-,0.00112509,0.0,377.72,0.0,1,0
2026-10-09T02:58:16.056694+00:00,336901.0,rebalance,-,0.00056255,175.0,363.86,-13.86,1,0
2026-10-09T02:58:16.056694+00:00,336901.0,grid,-,0.0,350.06,350.06,-27.65,2,0
2026-10-09T02:58:16.056694+00:00,336901.0,grid_stop,-,0.0,350.06,350.06,-27.65,2,0
2026-10-09T02:58:16.056694+00:00,336901.0,donchian,-,0.0,353.12,353.12,-24.6,6,0
2026-10-09T02:58:16.056694+00:00,336901.0,macross,-,0.0,363.67,363.67,-14.05,6,0
2026-10-09T02:58:16.056694+00:00,336901.0,macd,-,0.0,344.51,344.51,-33.21,8,0
2026-10-09T02:58:16.056694+00:00,336901.0,rsi,-,0.00104658,0.0,351.36,-26.36,1,0
2026-10-09T02:58:16.056694+00:00,336901.0,bollinger,-,0.00103258,0.0,346.66,-31.06,3,0
2026-10-09T02:58:16.056694+00:00,336901.0,dip,-,0.0,350.0,350.0,-27.72,0,0
2026-10-09T10:19:32.163276+00:00,338811.0,buyhold,-,0.00112509,0.0,379.86,0.0,1,0
2026-10-09T10:19:32.163276+00:00,338811.0,rebalance,-,0.00056255,175.0,364.93,-14.93,1,0
2026-10-09T10:19:32.163276+00:00,338811.0,grid,-,0.0,350.06,350.06,-29.79,2,0
2026-10-09T10:19:32.163276+00:00,338811.0,grid_stop,-,0.0,350.06,350.06,-29.79,2,0
2026-10-09T10:19:32.163276+00:00,338811.0,donchian,-,0.0,353.12,353.12,-26.74,6,0
2026-10-09T10:19:32.163276+00:00,338811.0,macross,-,0.0,363.67,363.67,-16.19,6,0
2026-10-09T10:19:32.163276+00:00,338811.0,macd,-,0.0,344.51,344.51,-35.35,8,0
2026-10-09T10:19:32.163276+00:00,338811.0,rsi,-,0.00104658,0.0,353.35,-26.51,1,0
2026-10-09T10:19:32.163276+00:00,338811.0,bollinger,-,0.00103258,0.0,348.62,-31.24,3,0
2026-10-09T10:19:32.163276+00:00,338811.0,dip,-,0.0,350.0,350.0,-29.86,0,0
2026-10-09T17:03:48.516183+00:00,339484.0,buyhold,-,0.00112509,0.0,380.61,0.0,1,0
2026-10-09T17:03:48.516183+00:00,339484.0,rebalance,-,0.00056255,175.0,365.31,-15.31,1,0
2026-10-09T17:03:48.516183+00:00,339484.0,grid,-,0.0,350.06,350.06,-30.55,2,0
2026-10-09T17:03:48.516183+00:00,339484.0,grid_stop,-,0.0,350.06,350.06,-30.55,2,0
2026-10-09T17:03:48.516183+00:00,339484.0,donchian,-,0.0,353.12,353.12,-27.49,6,0
2026-10-09T17:03:48.516183+00:00,339484.0,macross,-,0.0,363.67,363.67,-16.94,6,0
2026-10-09T17:03:48.516183+00:00,339484.0,macd,-,0.0,344.51,344.51,-36.1,8,0
2026-10-09T17:03:48.516183+00:00,339484.0,rsi,-,0.00104658,0.0,354.05,-26.56,1,0
2026-10-09T17:03:48.516183+00:00,339484.0,bollinger,-,0.00103258,0.0,349.32,-31.3,3,0
2026-10-09T17:03:48.516183+00:00,339484.0,dip,-,0.0,350.0,350.0,-30.61,0,0
2026-10-09T21:38:30.466129+00:00,338652.0,buyhold,-,0.00112509,0.0,379.68,0.0,1,0
2026-10-09T21:38:30.466129+00:00,338652.0,rebalance,-,0.00056255,175.0,364.84,-14.84,1,0
2026-10-09T21:38:30.466129+00:00,338652.0,grid,-,0.0,350.06,350.06,-29.62,2,0
2026-10-09T21:38:30.466129+00:00,338652.0,grid_stop,-,0.0,350.06,350.06,-29.62,2,0
2026-10-09T21:38:30.466129+00:00,338652.0,donchian,-,0.0,353.12,353.12,-26.56,6,0
2026-10-09T21:38:30.466129+00:00,338652.0,macross,-,0.0,363.67,363.67,-16.01,6,0
2026-10-09T21:38:30.466129+00:00,338652.0,macd,-,0.0,344.51,344.51,-35.17,8,0
2026-10-09T21:38:30.466129+00:00,338652.0,rsi,-,0.00104658,0.0,353.19,-26.49,1,0
2026-10-09T21:38:30.466129+00:00,338652.0,bollinger,-,0.00103258,0.0,348.46,-31.22,3,0
2026-10-09T21:38:30.466129+00:00,338652.0,dip,-,0.0,350.0,350.0,-29.68,0,0
2026-10-10T01:15:12.008670+00:00,338924.0,buyhold,-,0.00112509,0.0,379.99,0.0,1,0
2026-10-10T01:15:12.008670+00:00,338924.0,rebalance,-,0.00056255,175.0,364.99,-14.99,1,0
2026-10-10T01:15:12.008670+00:00,338924.0,grid,-,0.0,350.06,350.06,-29.92,2,0
2026-10-10T01:15:12.008670+00:00,338924.0,grid_stop,-,0.0,350.06,350.06,-29.92,2,0
2026-10-10T01:15:12.008670+00:00,338924.0,donchian,-,0.0,353.12,353.12,-26.86,6,0
2026-10-10T01:15:12.008670+00:00,338924.0,macross,-,0.0,363.67,363.67,-16.31,6,0
2026-10-10T01:15:12.008670+00:00,338924.0,macd,-,0.0,344.51,344.51,-35.48,8,0
2026-10-10T01:15:12.008670+00:00,338924.0,rsi,-,0.00104658,0.0,353.47,-26.52,1,0
2026-10-10T01:15:12.008670+00:00,338924.0,bollinger,-,0.00103258,0.0,348.74,-31.25,3,0
2026-10-10T01:15:12.008670+00:00,338924.0,dip,-,0.0,350.0,350.0,-29.99,0,0
2026-10-10T07:14:39.514629+00:00,339263.0,buyhold,-,0.00112509,0.0,380.37,0.0,1,0
2026-10-10T07:14:39.514629+00:00,339263.0,rebalance,-,0.00056255,175.0,365.18,-15.18,1,0
2026-10-10T07:14:39.514629+00:00,339263.0,grid,-,0.0,350.06,350.06,-30.3,2,0
2026-10-10T07:14:39.514629+00:00,339263.0,grid_stop,-,0.0,350.06,350.06,-30.3,2,0
2026-10-10T07:14:39.514629+00:00,339263.0,donchian,-,0.0,353.12,353.12,-27.24,6,0
2026-10-10T07:14:39.514629+00:00,339263.0,macross,-,0.0,363.67,363.67,-16.69,6,0
2026-10-10T07:14:39.514629+00:00,339263.0,macd,-,0.0,344.51,344.51,-35.86,8,0
2026-10-10T07:14:39.514629+00:00,339263.0,rsi,-,0.00104658,0.0,353.82,-26.54,1,0
2026-10-10T07:14:39.514629+00:00,339263.0,bollinger,-,0.00103258,0.0,349.09,-31.28,3,0
2026-10-10T07:14:39.514629+00:00,339263.0,dip,-,0.0,350.0,350.0,-30.37,0,0
2026-10-10T13:48:39.150367+00:00,339871.0,buyhold,-,0.00112509,0.0,381.05,0.0,1,0
2026-10-10T13:48:39.150367+00:00,339871.0,rebalance,-,0.00056255,175.0,365.52,-15.52,1,0
2026-10-10T13:48:39.150367+00:00,339871.0,grid,-,0.0,350.06,350.06,-30.98,2,0
2026-10-10T13:48:39.150367+00:00,339871.0,grid_stop,-,0.0,350.06,350.06,-30.98,2,0
2026-10-10T13:48:39.150367+00:00,339871.0,donchian,-,0.0,353.12,353.12,-27.93,6,0
2026-10-10T13:48:39.150367+00:00,339871.0,macross,-,0.0,363.67,363.67,-17.38,6,0
2026-10-10T13:48:39.150367+00:00,339871.0,macd,-,0.0,344.51,344.51,-36.54,8,0
2026-10-10T13:48:39.150367+00:00,339871.0,rsi,-,0.00104658,0.0,354.46,-26.59,1,0
2026-10-10T13:48:39.150367+00:00,339871.0,bollinger,-,0.00103258,0.0,349.71,-31.33,3,0
2026-10-10T13:48:39.150367+00:00,339871.0,dip,-,0.0,350.0,350.0,-31.05,0,0
2026-10-10T18:04:27.911389+00:00,341000.0,buyhold,-,0.00112509,0.0,382.31,0.0,1,0
2026-10-10T18:04:27.911389+00:00,341000.0,rebalance,-,0.00056255,175.0,366.16,-16.16,1,0
2026-10-10T18:04:27.911389+00:00,341000.0,grid,-,0.0,350.06,350.06,-32.25,2,0
2026-10-10T18:04:27.911389+00:00,341000.0,grid_stop,-,0.0,350.06,350.06,-32.25,2,0
2026-10-10T18:04:27.911389+00:00,341000.0,donchian,-,0.0,353.12,353.12,-29.19,6,0
2026-10-10T18:04:27.911389+00:00,341000.0,macross,-,0.0,363.67,363.67,-18.64,6,0
2026-10-10T18:04:27.911389+00:00,341000.0,macd,TINDAKAN,0.00100676,0.0,342.1,-40.21,9,0
2026-10-10T18:04:27.911389+00:00,341000.0,rsi,-,0.00104658,0.0,355.64,-26.68,1,0
2026-10-10T18:04:27.911389+00:00,341000.0,bollinger,-,0.00103258,0.0,350.88,-31.44,3,0
2026-10-10T18:04:27.911389+00:00,341000.0,dip,-,0.0,350.0,350.0,-32.31,0,0
2026-10-10T21:36:07.460371+00:00,340766.0,buyhold,-,0.00112509,0.0,382.05,0.0,1,0
2026-10-10T21:36:07.460371+00:00,340766.0,rebalance,-,0.00056255,175.0,366.03,-16.03,1,0
2026-10-10T21:36:07.460371+00:00,340766.0,grid,-,0.0,350.06,350.06,-31.99,2,0
2026-10-10T21:36:07.460371+00:00,340766.0,grid_stop,-,0.0,350.06,350.06,-31.99,2,0
2026-10-10T21:36:07.460371+00:00,340766.0,donchian,-,0.0,353.12,353.12,-28.93,6,0
2026-10-10T21:36:07.460371+00:00,340766.0,macross,-,0.0,363.67,363.67,-18.38,6,0
2026-10-10T21:36:07.460371+00:00,340766.0,macd,-,0.00100676,0.0,341.87,-40.18,9,0
2026-10-10T21:36:07.460371+00:00,340766.0,rsi,-,0.00104658,0.0,355.39,-26.66,1,0
2026-10-10T21:36:07.460371+00:00,340766.0,bollinger,-,0.00103258,0.0,350.64,-31.42,3,0
2026-10-10T21:36:07.460371+00:00,340766.0,dip,-,0.0,350.0,350.0,-32.05,0,0
